flood_probability,slope_norm,soil_stability,vegetation_density,wind_exposure,sun_score,buildability_score
0.8896,0.9936,0.6287,0.6122,0.4349,1.0,53.89
0.7191,0.5471,0.5772,0.7558,0.0445,0.5549,64.38
0.4073,0.627,0.7543,0.4745,0.8782,1.0,77.62
0.2309,0.3152,0.6136,0.4493,0.3003,0.8477,86.26
0.0387,0.2295,0.8331,0.2541,0.2654,0.7365,100
0.4492,0.397,0.501,0.9586,0.8024,0.5008,75.59
0.8144,0.5465,0.4917,0.5018,0.9526,0.9784,56.56
0.6002,0.0512,0.8922,0.2134,0.6613,0.5136,74.8
0.1159,0.2348,0.8925,0.5608,0.3286,0.7496,97.75
0.0797,0.6468,0.8626,0.0207,0.1299,0.937,93.8
0.2582,0.6575,0.6703,0.4156,0.906,0.4371,73.54
0.9317,0.3095,0.5796,0.5487,0.0686,1.0,68.36
0.8732,0.853,0.2023,0.2396,0.7787,0.9782,54.5
0.1134,0.4513,0.285,0.766,0.7795,0.6765,80.2
0.1221,0.668,0.3948,0.0833,0.789,0.5738,73.53
0.9449,0.7253,0.8376,0.6203,0.9694,0.9526,55.02
0.9921,0.1623,0.4395,0.5221,0.6895,0.428,61.98
0.3514,0.3402,0.4725,0.7568,0.1036,0.7197,84.05
0.8118,0.2124,0.3331,0.6375,0.7735,0.9354,73.78
0.2268,0.657,0.839,0.4944,0.7708,0.605,82.32
0.6425,0.1991,0.2294,0.4529,0.0037,0.5758,79.64
0.6487,0.4155,0.7863,0.9696,0.862,0.3281,66.88
0.843,0.5946,0.593,0.1165,0.1358,0.7031,64.48
0.3407,0.6249,0.2227,0.8352,0.3171,0.5361,73.61
0.8222,0.2935,0.8011,0.0549,0.3002,1.0,70.75
0.3796,0.153,0.438,0.412,0.0744,0.7367,87.15
0.0751,0.3084,0.4099,0.0227,0.9813,0.5504,80.53
0.9314,0.6029,0.7961,0.3625,0.0952,0.4922,52.41
0.3338,0.8884,0.3278,0.2123,0.8004,0.4622,61.23
0.5502,0.5413,0.8015,0.8116,0.5489,0.7792,79.51
0.6905,0.2972,0.5867,0.2975,0.8953,0.9396,74.1
0.4202,0.6579,0.3883,0.0521,0.0687,1.0,75.43
0.5883,0.1068,0.5339,0.4692,0.3611,0.7468,77.68
0.5612,0.7941,0.2574,0.1684,0.6485,0.7716,62.87
0.8667,0.6308,0.2118,0.2184,0.7082,0.4053,53.61
0.5097,0.9896,0.2037,0.523,0.2733,0.9784,61.07
0.7763,0.1875,0.5833,0.0594,0.211,0.8613,71.71
0.3443,0.4045,0.6135,0.9107,0.2877,0.4783,85.51
0.8561,0.1246,0.4942,0.6483,0.4977,1.0,68.12
0.2529,0.1282,0.3291,0.6408,0.12,0.8651,92.13
0.1324,0.0402,0.8987,0.7449,0.7313,0.8771,99.85
0.9594,0.5746,0.6563,0.7172,0.83,0.2626,52.1
0.107,0.2063,0.3011,0.7243,0.7856,1.0,89.07
0.6595,0.6803,0.5104,0.2015,0.6351,0.4395,60.61
0.3532,0.87,0.8007,0.6623,0.4899,1.0,73.53
0.4333,0.1586,0.747,0.8337,0.7483,0.7306,84.03
0.2038,0.1104,0.401,0.2834,0.1771,0.955,87.29
0.0653,0.4544,0.4122,0.2243,0.2009,1.0,91.11
0.8395,0.9635,0.3887,0.4804,0.4381,0.3724,47.95
0.3846,0.9865,0.5862,0.6419,0.1447,0.4954,64.45
0.3708,0.2548,0.2692,0.862,0.5165,0.5344,78.18
0.9572,0.1071,0.8291,0.2521,0.2443,1.0,70.57
0.9314,0.8559,0.6021,0.9244,0.9218,0.8252,50.4
0.9586,0.3274,0.6827,0.5539,0.568,0.2513,56.93
0.1934,0.1085,0.4144,0.7642,0.2512,0.9875,91.3
0.6698,0.9607,0.5957,0.3569,0.3799,0.8226,56.45
0.8903,0.3247,0.8005,0.3569,0.7589,0.7381,58.79
0.5624,0.6897,0.2722,0.8959,0.2313,1.0,70.01
0.205,0.4124,0.8972,0.0726,0.681,1.0,84.95
0.738,0.2185,0.2678,0.2565,0.9182,0.625,62.0
0.9913,0.643,0.8229,0.8931,0.0935,1.0,61.38
0.2503,0.5983,0.7225,0.9383,0.2412,0.6863,83.89
0.2771,0.167,0.7301,0.7287,0.9262,0.6988,91.43
0.8875,0.1001,0.5526,0.2293,0.5757,0.2501,60.74
0.6964,0.9347,0.7273,0.5563,0.1643,0.9273,66.97
0.6673,0.1925,0.7756,0.2342,0.0452,0.4144,74.2
0.8273,0.1976,0.4065,0.0613,0.4495,0.8171,69.14
0.7241,0.3666,0.7296,0.7611,0.8347,0.6458,67.86
0.6879,0.8336,0.3113,0.3781,0.1714,0.2822,57.76
0.4204,0.0848,0.3103,0.0732,0.4151,0.6484,84.07
0.6997,0.1662,0.6996,0.7137,0.8838,0.7366,74.84
0.9619,0.5856,0.431,0.4531,0.8288,0.7947,48.58
0.6605,0.2156,0.5143,0.1721,0.8367,0.658,65.5
0.9262,0.7983,0.7849,0.1963,0.2955,0.9582,59.5
0.4649,0.091,0.607,0.7966,0.1268,0.2993,83.04
0.8572,0.5601,0.4762,0.6497,0.7124,0.9986,55.41
0.0528,0.1798,0.8131,0.7989,0.2405,0.2965,99.49
0.0742,0.539,0.2585,0.5251,0.0935,0.4894,82.08
0.5489,0.8281,0.2308,0.4905,0.8379,0.3781,56.46
0.0894,0.1478,0.5096,0.4221,0.6339,0.3235,84.14
0.7601,0.4609,0.6769,0.9928,0.3377,0.2803,66.16
0.6649,0.0242,0.7667,0.0303,0.3225,0.9444,79.09
0.808,0.5858,0.2578,0.1904,0.9531,0.3401,49.41
0.3715,0.7875,0.7239,0.6049,0.7192,1.0,70.11
0.3128,0.6722,0.7563,0.504,0.2899,0.5178,79.55
0.1479,0.6681,0.578,0.2872,0.5222,0.954,85.3
0.1506,0.8244,0.4023,0.6217,0.0425,0.5978,82.92
0.0263,0.5992,0.202,0.2613,0.2456,0.5666,83.79
0.3415,0.3615,0.5611,0.53,0.4052,0.7661,82.12
0.2694,0.2278,0.4251,0.6613,0.3662,1.0,90.34
0.7851,0.3753,0.2293,0.7143,0.625,0.2986,59.07
0.856,0.5583,0.6327,0.7865,0.017,0.8224,68.55
0.6362,0.9386,0.8472,0.1848,0.0645,0.4955,63.27
0.3917,0.8349,0.287,0.5558,0.5293,0.2546,63.49
0.6256,0.2587,0.7999,0.1774,0.9484,0.7069,73.16
0.3781,0.7639,0.5698,0.0642,0.2678,0.392,66.98
0.0655,0.6966,0.6334,0.2952,0.1709,0.7738,84.05
0.4076,0.1586,0.3699,0.4198,0.717,0.5876,73.07
0.7252,0.5283,0.3497,0.3096,0.7783,0.3253,59.37
0.2916,0.9822,0.4729,0.3547,0.7503,0.9445,64.23
0.8663,0.0423,0.4823,0.2291,0.6758,0.5616,62.87
0.9592,0.9114,0.2163,0.0846,0.3773,0.6269,40.5
0.2798,0.2906,0.603,0.8147,0.5052,1.0,89.13
0.3684,0.5561,0.5507,0.1785,0.9823,0.5539,64.14
0.9725,0.4657,0.7822,0.0615,0.6883,0.2844,51.15
0.853,0.2388,0.8415,0.2089,0.765,0.5755,62.36
0.8285,0.2577,0.4206,0.7089,0.3947,0.4534,64.94
0.0946,0.5999,0.5683,0.7213,0.7874,0.749,84.76
0.6065,0.1986,0.6153,0.6309,0.198,0.4487,73.92
0.2257,0.8824,0.7984,0.7234,0.9562,1.0,77.89
0.6119,0.5049,0.7309,0.3274,0.3893,0.6732,66.64
0.5525,0.864,0.8243,0.0107,0.1848,1.0,68.18
0.9973,0.0294,0.2747,0.7786,0.112,0.3672,57.61
0.2444,0.3773,0.5306,0.7028,0.2639,0.51,80.78
0.979,0.1197,0.7073,0.4155,0.0031,0.8193,69.67
0.7921,0.1339,0.2406,0.3112,0.0709,0.3629,68.7
0.526,0.7719,0.4008,0.5392,0.2258,0.6139,60.3
0.5866,0.7565,0.4851,0.1706,0.723,1.0,63.07
0.6066,0.5059,0.2515,0.4513,0.3352,0.6334,71.66
0.6954,0.8573,0.4058,0.5197,0.4072,0.9349,63.22
0.8296,0.6305,0.7446,0.3375,0.4924,0.6125,53.58
0.0464,0.6937,0.2816,0.1288,0.7803,0.2665,75.95
0.0422,0.1929,0.8932,0.5203,0.2032,0.608,100
0.8712,0.0273,0.3078,0.4556,0.3204,0.9331,68.36
0.0999,0.1755,0.353,0.8975,0.3558,0.9993,94.25
0.572,0.4854,0.7932,0.4245,0.5614,1.0,73.73
0.6212,0.9839,0.782,0.2904,0.9631,0.3562,51.73
0.7938,0.9851,0.7462,0.3426,0.2374,1.0,61.39
0.9127,0.7367,0.57,0.4075,0.212,0.8414,54.93
0.1025,0.3706,0.6838,0.0181,0.8223,0.7151,84.06
0.9932,0.5808,0.2454,0.2893,0.5741,1.0,50.2
0.2552,0.8073,0.482,0.5979,0.5728,1.0,72.93
0.4207,0.6245,0.7656,0.8696,0.6568,1.0,74.35
0.746,0.6759,0.7328,0.8542,0.0897,0.7287,63.14
0.1452,0.7835,0.6055,0.6368,0.5688,0.3847,74.72
0.7723,0.8873,0.5986,0.7923,0.8568,1.0,55.32
0.8905,0.1084,0.7874,0.8071,0.223,0.9655,75.04
0.5639,0.9606,0.2383,0.6222,0.023,0.7614,59.32
0.155,0.6402,0.52,0.4177,0.8916,0.8384,79.6
0.5617,0.9947,0.3597,0.6067,0.3258,0.8573,63.19
0.9079,0.6502,0.829,0.5202,0.6573,0.7644,62.48
0.2847,0.0031,0.4413,0.4075,0.6636,1.0,89.72
0.9022,0.5663,0.5039,0.0299,0.8046,0.9687,49.36
0.5445,0.1466,0.6626,0.0935,0.5506,0.7752,79.73
0.3447,0.6304,0.8464,0.2166,0.5618,0.9913,82.92
0.8823,0.7665,0.7651,0.3137,0.3369,1.0,61.59
0.1202,0.8433,0.7441,0.3987,0.149,0.7886,84.33
0.2719,0.899,0.7982,0.8325,0.1642,0.9396,75.07
0.001,0.6677,0.5597,0.6004,0.9073,0.6068,84.3
0.9797,0.3872,0.3414,0.0812,0.1933,0.8109,56.71
0.8236,0.8233,0.2178,0.9453,0.3752,0.3013,50.29
0.6299,0.0732,0.7164,0.0543,0.4078,0.4124,72.98
0.6295,0.1959,0.6077,0.4433,0.4111,0.3817,71.84
0.2798,0.0168,0.5467,0.4427,0.2815,0.3988,86.39
0.7143,0.449,0.2978,0.4032,0.863,0.8654,58.76
0.5555,0.0921,0.8107,0.725,0.826,1.0,80.27
0.9231,0.982,0.5958,0.9325,0.0668,0.9629,62.82
0.6746,0.2628,0.8792,0.1984,0.4539,0.3318,70.94
0.1327,0.9314,0.4505,0.9306,0.2026,1.0,79.53
0.9272,0.4643,0.3434,0.9961,0.9076,0.8715,58.35
0.0786,0.1634,0.4659,0.2189,0.4219,1.0,96.96
0.4677,0.5461,0.8835,0.376,0.1904,0.6602,76.84
0.8914,0.5452,0.415,0.5926,0.726,0.4046,51.61
0.8641,0.294,0.2301,0.8175,0.4312,0.511,60.46
0.0529,0.4517,0.6774,0.832,0.3984,0.7397,98.63
0.7409,0.4997,0.5594,0.9152,0.0752,1.0,68.79
0.6391,0.8782,0.826,0.589,0.8273,0.3438,58.67
0.9737,0.1716,0.5823,0.7345,0.4913,0.9203,68.82
0.6065,0.2339,0.4982,0.8263,0.8747,0.7444,76.33
0.1772,0.6815,0.4229,0.0292,0.2289,0.9377,76.14
0.9598,0.0229,0.7499,0.5886,0.7192,0.643,61.71
0.4536,0.7001,0.4819,0.9382,0.2359,0.6213,63.94
0.7799,0.1465,0.7547,0.3651,0.0023,0.7456,80.05
0.1804,0.6292,0.4295,0.1592,0.9922,0.8722,78.14
0.6596,0.0148,0.4345,0.9889,0.9371,0.8795,74.03
0.0729,0.6513,0.8559,0.0728,0.5706,0.5501,84.15
0.3979,0.4567,0.6159,0.0394,0.5906,0.9582,75.87
0.609,0.2888,0.5827,0.0162,0.1583,1.0,78.71
0.0378,0.3309,0.2237,0.6052,0.7296,0.8571,80.48
0.5982,0.6914,0.5552,0.2919,0.13,1.0,67.07
0.3377,0.7354,0.5585,0.6295,0.6473,0.5099,67.51
0.4579,0.8103,0.839,0.6953,0.4414,0.5772,71.84
0.179,0.8952,0.4812,0.3905,0.196,0.955,78.28
0.6156,0.2749,0.7462,0.9635,0.0635,0.8255,80.76
0.9734,0.4949,0.5725,0.3845,0.1499,0.8217,62.13
0.7185,0.1539,0.7839,0.3201,0.5768,0.7027,70.41
0.7498,0.7905,0.5725,0.6816,0.0007,0.8399,61.6
0.3687,0.6955,0.8181,0.6636,0.8678,0.9426,70.44
0.3902,0.7277,0.4323,0.4566,0.0383,0.8669,78.2
0.1759,0.7465,0.7967,0.2683,0.1826,0.73,88.2
0.4607,0.3941,0.2982,0.8265,0.6114,0.4202,71.74
0.6835,0.7394,0.7927,0.7895,0.8303,0.4537,67.53
0.9406,0.5462,0.8311,0.5726,0.1031,0.6212,61.17
0.916,0.1866,0.733,0.7224,0.9322,0.4131,65.54
0.945,0.3891,0.878,0.1719,0.9461,0.4532,53.9
0.6079,0.6864,0.2716,0.8605,0.9396,0.3474,54.69
0.7106,0.3692,0.218,0.6458,0.5189,1.0,70.65
0.0156,0.3204,0.5414,0.6801,0.8249,0.4555,87.71
0.1942,0.6281,0.284,0.6754,0.5123,0.7789,80.31
0.4812,0.4842,0.2328,0.5215,0.7047,0.7835,68.38
0.2691,0.0377,0.787,0.2102,0.3076,0.5481,88.12
0.3278,0.1072,0.7103,0.3661,0.8861,0.9994,86.99
0.4759,0.8459,0.5672,0.2381,0.4263,1.0,75.17
0.2658,0.8466,0.688,0.6433,0.1091,1.0,83.15
0.7925,0.0352,0.4477,0.4566,0.6157,1.0,74.29
0.4729,0.0601,0.7128,0.1316,0.478,0.499,82.99
0.1298,0.8447,0.5687,0.8565,0.3483,0.3992,80.7
0.8091,0.8094,0.4997,0.0584,0.3245,0.9585,57.89
0.5064,0.7923,0.5148,0.4422,0.2987,0.4036,61.91
0.3373,0.7408,0.6685,0.5413,0.3395,0.7893,76.49
0.9645,0.7966,0.4221,0.7127,0.6136,0.413,51.7
0.9105,0.9676,0.7687,0.4281,0.3323,0.3748,54.42
0.851,0.8825,0.23,0.8016,0.3725,0.4604,48.27
0.9585,0.1311,0.8142,0.8831,0.8271,0.9827,65.89
0.8685,0.0692,0.2039,0.3399,0.0338,0.4371,62.62
0.1821,0.1004,0.4123,0.8511,0.5248,0.6011,87.77
0.5864,0.9951,0.5434,0.4996,0.8503,1.0,59.27
0.6373,0.4411,0.8646,0.6431,0.1497,0.2558,74.81
0.3663,0.5153,0.7171,0.1677,0.3688,0.4417,79.01
0.8054,0.1729,0.5804,0.8164,0.737,0.4246,64.8
0.0629,0.2002,0.3002,0.8412,0.0071,0.5295,97.62
0.0081,0.0899,0.3713,0.2624,0.1602,0.9077,100
0.4632,0.0242,0.3155,0.4717,0.5187,0.3298,72.23
0.8999,0.4801,0.4246,0.7468,0.3632,0.8254,62.02
0.4838,0.3789,0.8039,0.9421,0.3254,0.8171,77.0
0.6698,0.4536,0.8298,0.5538,0.7296,0.6098,67.24
0.5494,0.1817,0.5077,0.1209,0.4688,0.308,70.77
0.7872,0.7283,0.8481,0.6554,0.9666,1.0,58.06
0.9261,0.3258,0.3208,0.5766,0.5669,0.8136,58.78
0.9553,0.7328,0.7596,0.6572,0.5852,0.837,48.62
0.2363,0.5507,0.3655,0.1666,0.6533,0.8939,77.27
0.8945,0.2032,0.5892,0.3081,0.4179,0.6983,68.24
0.6446,0.7371,0.8178,0.2189,0.8082,0.5157,63.27
0.261,0.2539,0.7675,0.7749,0.6112,0.9146,88.37
0.1805,0.4468,0.7774,0.8606,0.4388,0.4212,87.21
0.0554,0.2465,0.8308,0.4685,0.527,0.7062,96.23
0.1125,0.4903,0.8268,0.3269,0.5796,0.7618,89.54
0.1492,0.8123,0.7269,0.0986,0.7932,0.614,73.72
0.7906,0.863,0.5836,0.1733,0.8834,0.4932,44.79
0.9397,0.8848,0.563,0.5059,0.5689,0.5702,46.21
0.2106,0.74,0.6935,0.3722,0.5143,0.4193,73.91
0.0609,0.8379,0.7254,0.9975,0.7686,0.4352,78.4
0.2781,0.3021,0.8458,0.6454,0.8147,1.0,86.1
0.0664,0.8352,0.3141,0.2101,0.728,1.0,76.69
0.8676,0.0228,0.3045,0.5772,0.7792,0.919,63.85
0.024,0.3028,0.5346,0.6538,0.7349,0.4268,87.81
0.6121,0.1963,0.2034,0.4156,0.4701,0.4429,67.44
0.9674,0.1452,0.2339,0.1509,0.1518,0.44,57.9
0.1181,0.6868,0.6903,0.4603,0.4666,0.8552,88.31
0.746,0.0892,0.2789,0.4027,0.1295,0.4156,70.55
0.121,0.7217,0.5125,0.723,0.6617,1.0,83.21
0.198,0.623,0.7108,0.037,0.5719,0.6455,71.54
0.3373,0.5361,0.6622,0.4553,0.8769,0.9937,77.54
0.7644,0.282,0.2703,0.2845,0.7898,0.8761,61.04
0.6253,0.1406,0.436,0.0087,0.6649,1.0,73.83
0.1288,0.84,0.614,0.7006,0.3667,1.0,85.4
0.7216,0.8396,0.2462,0.7421,0.6552,0.9882,57.77
0.5962,0.1282,0.6862,0.4966,0.0171,0.3391,82.83
0.9689,0.1187,0.3928,0.4239,0.359,0.5494,59.57
0.924,0.212,0.2189,0.9415,0.8881,0.9636,62.83
0.0256,0.9901,0.8511,0.4225,0.3618,0.3985,80.64
0.0603,0.5991,0.2431,0.7188,0.964,0.6453,82.86
0.862,0.0224,0.3597,0.1265,0.2814,0.8459,70.36
0.2611,0.8641,0.7794,0.6844,0.642,0.4534,71.69
0.7103,0.2855,0.3748,0.1247,0.6161,1.0,63.96
0.9142,0.6398,0.458,0.893,0.3083,0.3095,56.23
0.4428,0.6771,0.8986,0.372,0.4252,0.4081,71.75
0.1064,0.8368,0.3758,0.4342,0.1106,0.7587,84.08
0.7692,0.7973,0.5599,0.0387,0.0266,1.0,61.72
0.1004,0.3986,0.7344,0.09,0.1619,0.7233,87.12
0.5444,0.5169,0.7686,0.6702,0.4478,0.3858,75.85
0.9742,0.7043,0.5244,0.1955,0.0425,0.6652,53.93
0.2465,0.4619,0.3604,0.0797,0.0478,1.0,81.38
0.2755,0.3002,0.7607,0.175,0.7041,0.2727,82.21
0.5651,0.1817,0.5722,0.5281,0.3553,0.6404,75.16
0.0297,0.1205,0.2038,0.199,0.6711,1.0,93.2
0.2004,0.4026,0.7758,0.9195,0.4395,0.483,84.87
0.8232,0.0789,0.6096,0.5246,0.8307,0.8912,69.96
0.475,0.0321,0.8859,0.403,0.4256,0.5347,82.54
0.7551,0.7951,0.2354,0.5885,0.6665,0.364,54.05
0.2523,0.0196,0.6586,0.5856,0.5439,1.0,98.26
0.7573,0.8579,0.6418,0.2696,0.003,0.4785,59.87
0.9975,0.0658,0.7491,0.0423,0.6106,0.71,63.17
0.8301,0.8217,0.8505,0.395,0.6061,1.0,55.79
0.6389,0.648,0.3391,0.5903,0.6852,0.9959,60.68
0.2926,0.4109,0.4674,0.0996,0.2163,0.5128,81.66
0.0491,0.4799,0.3863,0.2333,0.1742,0.5455,88.69
0.967,0.6697,0.6166,0.5829,0.912,1.0,57.02
0.4461,0.0147,0.698,0.9111,0.1651,0.6449,93.86
0.0263,0.4673,0.5609,0.8198,0.5406,0.4072,88.04
0.089,0.0549,0.3109,0.6654,0.0274,0.9863,98.96
0.9309,0.9365,0.8606,0.7992,0.2352,0.8773,55.46
0.7509,0.5716,0.6168,0.885,0.78,0.6612,62.81
0.976,0.9625,0.7117,0.5375,0.626,1.0,50.55
0.9278,0.5082,0.7707,0.8514,0.9705,1.0,61.57
0.1382,0.7578,0.5159,0.8802,0.3561,0.7204,80.9
0.9271,0.5711,0.5082,0.5068,0.4377,0.2606,54.89
0.2595,0.0468,0.532,0.4733,0.0937,1.0,99.77
0.8421,0.3802,0.2596,0.5957,0.0915,0.844,66.03
0.891,0.6743,0.6133,0.7915,0.5999,0.6382,56.61
0.9038,0.1504,0.7083,0.3921,0.9433,0.8644,66.33
0.05,0.0431,0.4482,0.7134,0.2587,0.9746,97.54
0.7901,0.4235,0.4482,0.044,0.8996,0.8388,59.18
0.8938,0.6909,0.5907,0.3333,0.3774,0.3481,54.44
0.931,0.581,0.8013,0.6586,0.6412,0.4166,51.33
0.9262,0.702,0.3981,0.6098,0.3837,0.4779,46.52
0.2648,0.6118,0.2179,0.4531,0.3124,0.3094,76.75
0.1022,0.1423,0.8869,0.3556,0.76,1.0,96.42
0.4066,0.5426,0.2875,0.5025,0.5739,0.9736,74.15
0.5327,0.5018,0.6299,0.8803,0.1375,0.487,78.47
0.4795,0.9906,0.727,0.4452,0.5758,0.6395,62.63
0.2999,0.2145,0.7808,0.5865,0.7567,0.9144,86.46
0.3577,0.7555,0.6198,0.8149,0.9986,1.0,72.34
0.2133,0.7197,0.8261,0.3417,0.981,0.2901,71.18
0.2545,0.5563,0.2661,0.3325,0.8301,0.2701,73.11
0.2784,0.3021,0.3013,0.1246,0.0974,0.5414,87.03
0.0316,0.1932,0.4024,0.0283,0.5672,0.6186,94.25
0.4842,0.9116,0.7233,0.7724,0.1268,0.4871,70.75
0.5382,0.753,0.6413,0.5467,0.9564,0.9187,67.18
0.5512,0.0969,0.2557,0.2709,0.517,1.0,74.06
0.7873,0.8397,0.6358,0.9191,0.6266,1.0,55.61
0.5384,0.8048,0.3743,0.9753,0.3958,0.817,65.87
0.4403,0.9303,0.4668,0.3124,0.8925,0.3328,56.48
0.3136,0.6599,0.2775,0.6137,0.7224,0.8729,74.84
0.0586,0.6875,0.5344,0.3613,0.697,0.5997,79.62
0.0704,0.0786,0.6779,0.0619,0.8325,0.743,89.71
0.7713,0.8075,0.345,0.3144,0.4108,0.9002,58.33
0.2599,0.3724,0.2391,0.4855,0.0492,0.7946,86.8
0.6513,0.3011,0.2951,0.5304,0.5804,0.414,64.67
0.375,0.8652,0.7499,0.7406,0.5568,0.6487,74.31
0.4975,0.05,0.7524,0.2621,0.0144,0.9746,86.93
0.3642,0.7563,0.4379,0.8925,0.5712,0.9673,77.06
0.3085,0.3189,0.3545,0.7813,0.8053,0.2765,80.07
0.3695,0.7989,0.8131,0.7833,0.8543,0.419,73.99
0.4187,0.7006,0.2379,0.3965,0.334,0.8076,69.61
0.6948,0.6753,0.3122,0.1867,0.1749,0.5196,59.98
0.9633,0.7982,0.4997,0.8814,0.6939,0.6845,45.5
0.6133,0.3901,0.2726,0.1769,0.7091,0.3416,64.37
0.3725,0.9724,0.5524,0.9565,0.5334,0.724,68.54
0.7605,0.9794,0.2105,0.4746,0.5163,0.6131,49.73
0.711,0.9916,0.2895,0.8746,0.1729,0.7959,60.57
0.7856,0.0136,0.7613,0.4461,0.9942,0.6245,67.96
0.2631,0.1641,0.7684,0.0761,0.7304,1.0,91.2
0.2288,0.7597,0.5351,0.228,0.3457,0.7897,78.05
0.3859,0.7526,0.2337,0.5541,0.9737,0.8326,63.83
0.5141,0.3098,0.2864,0.5575,0.7512,0.7115,72.88
0.8786,0.362,0.7267,0.95,0.0471,0.8695,68.29
0.3674,0.6522,0.437,0.1456,0.1968,1.0,76.72
0.1114,0.9445,0.3079,0.7129,0.4474,0.9556,74.24
0.9772,0.6822,0.6346,0.8156,0.0849,0.6519,53.88
0.7736,0.7642,0.37,0.2935,0.6415,0.9304,54.37
0.8676,0.5551,0.4657,0.1697,0.0728,0.6852,58.99
0.7142,0.6551,0.2425,0.8468,0.6067,0.6048,58.56
0.329,0.6353,0.2232,0.6089,0.7928,0.4604,69.27
0.7192,0.503,0.3014,0.6241,0.2294,1.0,67.41
0.8578,0.8632,0.7515,0.7403,0.5147,0.9056,56.74
0.3963,0.4742,0.4006,0.905,0.8426,0.5666,74.05
0.9168,0.9555,0.3832,0.4275,0.8259,0.4427,43.73
0.5351,0.3616,0.2462,0.6028,0.2174,0.8959,74.44
0.6862,0.7557,0.7603,0.6695,0.2409,0.7961,66.09
0.1471,0.4565,0.5516,0.6611,0.8741,0.9241,86.23
0.4256,0.5863,0.5601,0.155,0.8867,0.883,66.06
0.0609,0.9932,0.4202,0.5788,0.1328,0.6894,79.05
0.1375,0.3768,0.2255,0.0895,0.7289,0.7984,84.15
0.7477,0.3813,0.3768,0.2678,0.9046,1.0,59.69
0.1627,0.2355,0.5976,0.1032,0.9758,1.0,83.05
0.6595,0.5,0.4743,0.8169,0.9437,0.7694,67.95
0.5147,0.0494,0.6047,0.9241,0.1678,0.361,82.83
0.8162,0.0149,0.361,0.889,0.0163,0.884,73.72
0.1146,0.91,0.5555,0.6314,0.6715,0.7616,79.32
0.802,0.4808,0.4704,0.0112,0.0836,0.5208,56.84
0.2888,0.9173,0.3647,0.553,0.9286,0.8457,71.14
0.6412,0.0851,0.5572,0.0474,0.4826,0.636,72.94
0.6415,0.195,0.4165,0.8664,0.5887,1.0,69.53
0.7901,0.0349,0.339,0.7731,0.0169,1.0,75.2
0.3701,0.8156,0.8604,0.9525,0.5883,0.6511,75.68
0.0745,0.0195,0.6823,0.4359,0.9724,0.8627,93.96
0.013,0.6473,0.8413,0.2991,0.0865,0.3328,89.1
0.8407,0.9931,0.3574,0.2822,0.8078,0.7465,48.55
0.9224,0.5915,0.7407,0.4694,0.5228,0.2638,56.01
0.773,0.7602,0.5009,0.5482,0.2942,0.3791,52.38
0.6218,0.1593,0.6249,0.7849,0.528,0.7449,76.13
0.558,0.52,0.6447,0.1183,0.5291,0.8753,66.56
0.0726,0.0306,0.762,0.4288,0.363,1.0,97.65
0.5693,0.8968,0.2164,0.5947,0.1265,1.0,68.42
0.764,0.3585,0.7945,0.6311,0.5773,1.0,75.16
0.1868,0.0147,0.8844,0.5533,0.0058,1.0,100
0.1392,0.0728,0.5227,0.3356,0.3144,1.0,94.33
0.4606,0.4569,0.6942,0.671,0.138,0.5221,73.9
0.0966,0.673,0.7843,0.5514,0.2803,0.8078,84.84
0.5922,0.94,0.505,0.177,0.1409,1.0,61.26
0.4493,0.8112,0.8171,0.9134,0.2643,0.9205,79.49
0.2664,0.1319,0.7763,0.3466,0.2936,0.6956,92.09
0.7795,0.1264,0.7914,0.1415,0.8446,0.5866,64.48
0.8305,0.7103,0.2126,0.7343,0.0634,0.616,62.67
0.41,0.9506,0.5216,0.2113,0.136,1.0,66.92
0.47,0.1776,0.3141,0.56,0.3281,0.911,80.67
0.089,0.5202,0.8617,0.8168,0.1828,0.8814,94.48
0.7171,0.2404,0.2954,0.4197,0.3895,1.0,74.78
0.3731,0.4815,0.2412,0.3514,0.5625,0.8898,71.65
0.9488,0.0915,0.6021,0.9747,0.6104,1.0,70.06
0.8163,0.0862,0.3302,0.0809,0.8801,0.9319,62.88
0.2274,0.8169,0.7558,0.0532,0.5695,0.433,73.56
0.4302,0.3139,0.2103,0.957,0.2564,0.8923,80.88
0.988,0.0866,0.5529,0.7852,0.5618,0.55,61.59
0.1408,0.5675,0.5278,0.5931,0.5731,1.0,90.65
0.4121,0.1315,0.38,0.9565,0.766,0.629,79.61
0.793,0.5147,0.2989,0.4741,0.8048,0.9934,51.27
0.0826,0.9017,0.7077,0.0707,0.2578,0.2916,74.48
0.6108,0.2218,0.3282,0.4683,0.2968,1.0,78.53
0.7837,0.7284,0.5065,0.524,0.8813,0.4718,53.6
0.5299,0.4056,0.3911,0.5457,0.0389,0.6435,73.57
0.1938,0.548,0.8928,0.9965,0.891,1.0,83.27
0.9677,0.3179,0.3595,0.9211,0.7978,0.8281,58.14
0.8498,0.4059,0.2965,0.0474,0.334,0.6584,55.67
0.0501,0.3601,0.6339,0.3524,0.3642,0.614,91.97
0.206,0.1828,0.7773,0.5941,0.5408,0.5555,90.14
0.4934,0.6998,0.7114,0.6661,0.6001,1.0,70.96
0.0997,0.0833,0.2701,0.7789,0.9414,0.3369,87.19
0.3285,0.2949,0.8597,0.682,0.054,0.8941,91.28
0.1682,0.0238,0.702,0.3709,0.2338,0.9994,100
0.0832,0.1771,0.2005,0.0827,0.1352,0.6513,88.17
0.3137,0.7939,0.5961,0.8719,0.0595,0.3947,71.37
0.919,0.0789,0.2777,0.2146,0.7195,0.4178,60.41
0.8785,0.9666,0.6583,0.6864,0.2596,0.8309,53.94
0.2825,0.9559,0.5446,0.765,0.7042,1.0,72.12
0.4637,0.5507,0.8515,0.7083,0.5899,0.5856,76.92
0.751,0.0658,0.2068,0.3927,0.9574,0.8202,65.71
0.9698,0.7729,0.2085,0.69,0.579,0.2528,39.43
0.8783,0.4284,0.5545,0.6987,0.7603,0.309,61.89
0.5428,0.6269,0.8369,0.9554,0.9905,0.5587,63.42
0.9598,0.3592,0.732,0.2436,0.3738,0.7698,56.73
0.1465,0.3613,0.2495,0.0593,0.9638,0.7719,75.09
0.3978,0.4285,0.8398,0.8242,0.0588,0.7512,83.55
0.7171,0.4775,0.2309,0.6955,0.2416,0.6891,64.23
0.7167,0.9564,0.6635,0.5703,0.289,0.7826,63.73
0.9632,0.375,0.3575,0.0028,0.4908,0.5956,54.23
0.3281,0.218,0.643,0.8284,0.0729,0.4448,86.27
0.3795,0.2551,0.8292,0.1836,0.1058,0.7425,86.35
0.1868,0.947,0.6917,0.1495,0.7893,0.5321,71.1
0.856,0.0697,0.7161,0.0319,0.0398,1.0,69.67
0.3562,0.0056,0.735,0.541,0.9135,0.7179,88.04
0.243,0.1515,0.832,0.0884,0.3926,0.4516,92.21
0.2816,0.6783,0.8704,0.9235,0.4565,0.9414,88.96
0.996,0.5565,0.8874,0.4511,0.8572,1.0,59.71
0.5936,0.4235,0.3172,0.0464,0.9533,0.4702,62.4
0.671,0.8823,0.7581,0.8847,0.1415,0.5892,63.26
0.4619,0.4634,0.2173,0.5958,0.0011,0.6578,74.81
0.0908,0.3443,0.3135,0.7137,0.5507,0.4159,78.71
0.099,0.7953,0.7079,0.1709,0.3526,1.0,86.89
0.7857,0.5223,0.8369,0.7228,0.6864,0.7684,59.97
0.5031,0.2114,0.46,0.5502,0.0816,0.7895,83.27
0.3129,0.7496,0.6832,0.4704,0.704,0.3363,69.45
0.0503,0.9924,0.4378,0.2363,0.535,0.9909,77.28
0.6039,0.2159,0.5832,0.3754,0.9426,0.7161,64.85
0.8037,0.2761,0.873,0.311,0.0534,0.338,65.75
0.5139,0.1681,0.7278,0.1625,0.054,0.7553,79.56
0.6253,0.8387,0.36,0.6625,0.1555,0.481,58.4
0.2774,0.4873,0.3951,0.2114,0.1317,0.9369,80.57
0.4215,0.9535,0.4519,0.6024,0.1963,0.2594,63.99
0.1265,0.6273,0.2091,0.0361,0.2079,0.2965,80.28
0.219,0.1312,0.7019,0.498,0.8505,0.3666,83.57
0.8758,0.2437,0.7025,0.0414,0.7768,0.3698,60.71
0.047,0.2535,0.3379,0.6822,0.8249,0.5657,89.51
0.793,0.2308,0.7797,0.4569,0.3559,1.0,75.93
0.132,0.071,0.216,0.1619,0.5982,0.6311,89.3
0.8835,0.6858,0.7196,0.4697,0.3781,0.8074,59.47
0.7491,0.5309,0.2835,0.7852,0.2637,1.0,64.46
0.7419,0.8212,0.2468,0.3871,0.1622,0.7702,57.52
0.1185,0.4868,0.5508,0.3669,0.5572,0.5879,81.79
0.8412,0.8414,0.8352,0.4605,0.7531,1.0,52.9
0.9299,0.0841,0.5585,0.3937,0.3617,0.5279,67.78
0.2869,0.7631,0.3783,0.656,0.441,0.6455,77.92
0.6047,0.1886,0.3573,0.4168,0.0085,0.8433,76.82
0.3769,0.4536,0.2906,0.1689,0.1347,1.0,80.27
0.1469,0.2164,0.4877,0.1374,0.8287,0.5649,85.67
0.6545,0.6954,0.3866,0.1513,0.6792,1.0,55.47
0.5338,0.493,0.8904,0.9504,0.6177,0.9282,71.96
0.9303,0.1475,0.3681,0.3111,0.8207,0.3276,52.12
0.2637,0.201,0.4372,0.2394,0.134,1.0,86.56
0.9893,0.9472,0.8819,0.1867,0.3656,0.3028,43.58
0.2607,0.2023,0.7707,0.8089,0.2409,0.3221,88.81
0.8345,0.8483,0.5703,0.4057,0.3739,0.9089,53.54
0.7278,0.9161,0.5946,0.2686,0.3308,0.6657,58.63
0.5868,0.8949,0.7582,0.2683,0.7721,1.0,57.53
0.3605,0.2399,0.4595,0.4722,0.8572,0.6103,72.09
0.9312,0.5946,0.552,0.9623,0.0636,0.4412,58.64
0.3433,0.3699,0.5748,0.9083,0.5727,1.0,85.49
0.9368,0.9171,0.4144,0.0875,0.3417,0.947,46.11
0.94,0.5757,0.478,0.8442,0.1817,1.0,59.63
0.2395,0.4532,0.8866,0.1367,0.3679,0.9076,88.77
0.3848,0.9331,0.4001,0.9977,0.9537,0.8464,65.81
0.5835,0.2478,0.8281,0.941,0.8166,0.5259,74.23
0.7184,0.0558,0.5966,0.22,0.7703,0.4572,70.66
0.9611,0.6807,0.2127,0.5342,0.6863,0.3618,50.14
0.9198,0.1421,0.2842,0.3684,0.549,0.3347,55.89
0.9325,0.2809,0.3095,0.3627,0.9695,0.5061,55.49
0.9058,0.7975,0.3818,0.8441,0.6505,0.8722,50.22
0.0486,0.4972,0.65,0.1636,0.6481,0.9979,92.11
0.7966,0.8753,0.7742,0.2226,0.4447,0.6652,55.81
0.5773,0.4003,0.4267,0.1883,0.468,0.3522,69.73
0.0466,0.7632,0.6902,0.8153,0.8137,1.0,83.28
0.0629,0.9276,0.4572,0.6491,0.6583,0.2918,75.83
0.8563,0.1782,0.2896,0.3092,0.3198,0.8574,65.48
0.9454,0.1199,0.2185,0.3011,0.9677,0.8846,62.34
0.7631,0.5291,0.6393,0.0868,0.9935,1.0,64.29
0.1985,0.1981,0.6357,0.3511,0.1542,0.9609,95.81
0.6009,0.1865,0.7084,0.8559,0.7841,0.5653,79.13
0.7191,0.9664,0.4466,0.8933,0.6593,0.4454,52.9
0.6399,0.7709,0.5099,0.6993,0.1901,0.7287,66.91
0.6079,0.0014,0.4545,0.4737,0.6935,1.0,80.63
0.2255,0.2266,0.4988,0.5073,0.972,0.6804,78.2
0.0916,0.049,0.8833,0.0456,0.1874,0.8065,100
0.5057,0.1584,0.7975,0.3811,0.0987,0.7004,82.35
0.156,0.0998,0.6514,0.9522,0.9805,0.4537,94.0
0.6321,0.1829,0.2627,0.859,0.6662,1.0,72.76
0.4347,0.7075,0.3835,0.8595,0.7794,0.6886,65.78
0.131,0.2098,0.8789,0.2167,0.6909,0.39,93.17
0.9523,0.9196,0.5559,0.6347,0.7544,0.5177,47.88
0.9904,0.8581,0.5963,0.7174,0.665,0.8782,49.38
0.8602,0.1786,0.8708,0.405,0.377,1.0,65.06
0.2111,0.6561,0.8302,0.2422,0.8971,0.9745,73.24
0.4788,0.7987,0.2467,0.6478,0.5316,0.4989,61.3
0.1045,0.2363,0.5399,0.3153,0.8568,1.0,86.54
0.7722,0.6532,0.4268,0.0136,0.66,0.4514,50.29
0.0573,0.7845,0.6648,0.2292,0.8282,0.6841,80.95
0.3654,0.0633,0.7113,0.7908,0.045,0.5419,86.11
0.9368,0.6597,0.4578,0.4281,0.7204,0.316,45.25
0.5662,0.9183,0.4396,0.4283,0.0169,1.0,70.24
0.5924,0.2115,0.4247,0.5471,0.3578,0.4195,75.11
0.4772,0.0005,0.296,0.2536,0.4346,0.3951,81.37
0.652,0.0961,0.7103,0.0898,0.3075,1.0,78.74
0.5716,0.7519,0.501,0.9466,0.4035,0.7376,65.53
0.5664,0.5232,0.3509,0.165,0.4905,0.6936,63.22
0.0799,0.6019,0.7393,0.1319,0.652,0.8687,92.42
0.6955,0.9638,0.5743,0.4752,0.5447,0.573,56.07
0.8407,0.936,0.8585,0.6849,0.9001,0.8901,53.25
0.0917,0.77,0.4302,0.1884,0.9538,0.8661,77.32
0.7856,0.6369,0.3272,0.1247,0.0457,0.361,61.41
0.7746,0.4863,0.4647,0.9932,0.563,0.6681,66.05
0.9217,0.4799,0.6977,0.0012,0.4209,0.7645,55.83
0.6654,0.4353,0.4806,0.5724,0.5931,1.0,70.5
0.8848,0.089,0.7714,0.3857,0.3476,0.8831,76.97
0.033,0.4067,0.4471,0.699,0.4703,0.2845,88.44
0.7391,0.9751,0.5955,0.6165,0.9629,0.6546,54.48
0.6501,0.1374,0.6872,0.2227,0.2059,0.8868,80.65
0.5936,0.719,0.3255,0.3498,0.1615,0.3977,59.99
0.2997,0.9874,0.7973,0.6141,0.9162,0.819,71.08
0.5596,0.5699,0.4348,0.3935,0.9226,0.6295,60.67
0.3304,0.2617,0.8308,0.9233,0.7453,0.5318,85.43
0.2574,0.073,0.8277,0.612,0.3955,1.0,91.45
0.2425,0.7057,0.8004,0.2758,0.4509,0.4575,74.17
0.8809,0.8771,0.3847,0.5258,0.676,0.8526,47.95
0.0477,0.3282,0.4941,0.6054,0.477,1.0,93.28
0.9883,0.669,0.5732,0.7705,0.5224,1.0,55.16
0.1036,0.008,0.826,0.571,0.1291,0.8837,100
0.1151,0.4787,0.2303,0.3268,0.8992,0.7254,80.43
0.7844,0.3705,0.5308,0.5856,0.8591,0.3652,63.38
0.2444,0.0429,0.3947,0.4328,0.3044,1.0,94.72
0.5666,0.823,0.299,0.7373,0.3558,0.375,63.85
0.1148,0.7338,0.523,0.8585,0.8643,0.7347,78.18
0.5824,0.628,0.7877,0.9638,0.5554,0.6444,69.37
0.8062,0.9227,0.6266,0.9444,0.2611,0.5805,56.18
0.3273,0.3879,0.2592,0.2228,0.542,0.5901,77.1
0.885,0.2966,0.3285,0.8288,0.1576,0.8649,70.08
0.1949,0.4575,0.3282,0.4066,0.656,0.2672,80.7
0.232,0.4508,0.6056,0.5044,0.6931,0.9842,79.34
0.8312,0.0327,0.754,0.9886,0.6511,0.9015,78.12
0.8972,0.5691,0.3964,0.7533,0.9593,0.3902,50.83
0.6627,0.4873,0.8225,0.0644,0.2635,1.0,70.28
0.3021,0.8415,0.2409,0.2284,0.7939,1.0,69.49
0.8151,0.6095,0.3962,0.3908,0.1812,0.939,60.68
0.7298,0.7539,0.7311,0.199,0.1335,1.0,63.05
0.1363,0.1344,0.4809,0.9915,0.2155,1.0,97.05
0.2297,0.2195,0.3775,0.4684,0.0677,0.8846,88.7
0.4563,0.9328,0.2075,0.8559,0.142,0.6885,63.32
0.61,0.7509,0.4206,0.8986,0.0567,0.5048,65.22
0.9416,0.173,0.3616,0.5817,0.7696,0.9981,62.68
0.1706,0.029,0.3896,0.9179,0.7924,0.2928,84.72
0.9465,0.7996,0.7666,0.7972,0.9173,0.265,46.48
0.4542,0.163,0.3144,0.7971,0.2927,1.0,88.77
0.7222,0.9163,0.3813,0.8831,0.4626,0.9615,60.59
0.1016,0.9173,0.6495,0.691,0.3211,0.4887,83.54
0.6007,0.8623,0.848,0.05,0.3598,0.7465,66.81
0.5368,0.9205,0.3079,0.6776,0.6289,0.5612,59.48
0.1556,0.5988,0.7619,0.5849,0.6881,0.6032,81.66
0.7582,0.2817,0.3783,0.5071,0.7395,1.0,62.03
0.4514,0.7694,0.2534,0.1863,0.13,0.3288,64.25
0.0471,0.5309,0.8762,0.042,0.6969,1.0,83.98
0.7427,0.05,0.8414,0.976,0.0739,1.0,81.93
0.863,0.4847,0.6855,0.7979,0.9325,0.7984,57.48
0.6194,0.2518,0.4485,0.5982,0.7352,1.0,76.07
0.1094,0.102,0.3229,0.9053,0.9453,0.9361,91.82
0.1818,0.0215,0.8,0.1497,0.113,0.4115,98.18
0.6791,0.6851,0.3825,0.8791,0.3825,1.0,69.83
0.0015,0.5396,0.3369,0.9762,0.2944,0.6559,87.63
0.9048,0.0185,0.5515,0.5186,0.5086,0.7818,67.1
0.0208,0.1662,0.8021,0.6138,0.3775,0.7152,100
0.3494,0.6121,0.8125,0.1895,0.6819,0.7054,70.17
0.3973,0.6347,0.3464,0.9476,0.5977,0.5402,66.59
0.2332,0.185,0.8449,0.4742,0.7948,0.3967,84.68
0.4184,0.8858,0.4445,0.0837,0.8095,0.3727,60.35
0.6541,0.5727,0.8492,0.1509,0.2858,0.3154,71.77
0.7686,0.2184,0.3061,0.3177,0.7575,0.8927,61.03
0.4022,0.4359,0.5243,0.7202,0.1542,0.6246,82.04
0.6641,0.954,0.2299,0.377,0.3352,0.4876,48.82
0.5144,0.6463,0.5859,0.0971,0.2048,0.3481,63.7
0.0404,0.2726,0.5741,0.851,0.7044,0.3939,86.46
0.8189,0.0837,0.7954,0.0944,0.8288,0.9669,67.45
0.6627,0.8834,0.6979,0.5383,0.8697,0.7482,59.64
0.5358,0.9914,0.4086,0.0084,0.7636,0.3506,50.47
0.0585,0.3093,0.4139,0.1336,0.8368,0.2509,85.27
0.7946,0.1777,0.8496,0.9156,0.4978,0.8351,68.78
0.5208,0.7759,0.8718,0.6378,0.2818,1.0,74.6
0.7489,0.7751,0.2831,0.4353,0.1293,0.5215,58.18
0.7149,0.4361,0.3014,0.0751,0.183,0.5302,66.15
0.064,0.2843,0.6282,0.5319,0.7958,0.3534,86.71
0.917,0.5684,0.8033,0.8658,0.09,1.0,59.15
0.4465,0.8254,0.4844,0.6094,0.9768,0.5045,61.48
0.1609,0.6983,0.2776,0.5496,0.057,1.0,82.21
0.4222,0.0209,0.6817,0.1681,0.0021,0.2549,89.07
0.5392,0.1934,0.4772,0.873,0.0038,0.8292,81.06
0.3266,0.1795,0.371,0.5295,0.2349,0.9006,90.16
0.1618,0.4179,0.7672,0.1709,0.7784,0.9534,84.4
0.0624,0.4511,0.5738,0.4322,0.8226,0.9433,93.07
0.1773,0.5558,0.8227,0.882,0.5016,1.0,86.9
0.6732,0.8828,0.3427,0.8146,0.4075,0.9347,56.24
0.8833,0.9635,0.8391,0.75,0.768,0.4123,48.96
0.4549,0.2478,0.5865,0.9651,0.1087,1.0,88.58
0.7911,0.2011,0.3579,0.6088,0.0991,0.7455,74.2
0.5081,0.9708,0.4445,0.1868,0.7372,0.9176,62.77
0.7082,0.7643,0.8587,0.0198,0.9527,0.6921,57.85
0.3856,0.6506,0.4957,0.6291,0.3702,0.7835,81.32
0.5382,0.1005,0.6579,0.2664,0.7703,0.8194,77.71
0.4671,0.4446,0.4868,0.4606,0.5032,0.3514,73.79
0.8532,0.6433,0.5787,0.2989,0.6607,0.4133,51.99
0.6756,0.9907,0.7753,0.1507,0.3908,0.5879,59.53
0.3845,0.1708,0.8089,0.5747,0.0942,0.5467,86.83
0.2041,0.6167,0.6152,0.8911,0.1625,0.549,80.64
0.6283,0.009,0.511,0.2979,0.1365,1.0,78.65
0.0225,0.2681,0.5326,0.7648,0.412,0.7911,97.12
0.4379,0.6187,0.5391,0.5624,0.5532,0.7957,72.42
0.307,0.6797,0.3784,0.3519,0.6178,0.7734,71.47
0.5091,0.8027,0.7614,0.847,0.1125,0.6735,73.13
0.289,0.4583,0.8606,0.3434,0.3987,0.7831,84.63
0.3808,0.7764,0.5736,0.2652,0.316,0.9763,72.16
0.1667,0.64,0.7643,0.8758,0.3267,0.4067,88.55
0.164,0.1395,0.5211,0.3967,0.2899,0.8017,85.19
0.0612,0.8399,0.3254,0.5346,0.2527,0.7267,80.79
0.8773,0.5731,0.333,0.6657,0.0411,0.6923,59.6
0.6668,0.5409,0.3659,0.595,0.4737,1.0,66.63
0.3476,0.9842,0.3656,0.1494,0.9601,0.9726,61.23
0.9152,0.0472,0.349,0.6797,0.7202,0.9465,62.42
0.8694,0.5964,0.6515,0.0173,0.9682,0.5777,53.41
0.2928,0.558,0.7371,0.1916,0.4383,0.7462,84.52
0.432,0.5695,0.5519,0.4799,0.721,0.2679,60.2
0.1183,0.4721,0.4901,0.6427,0.0349,0.3536,87.08
0.8886,0.1229,0.3616,0.9189,0.303,1.0,67.06
0.1315,0.5953,0.2303,0.4839,0.6653,1.0,74.45
0.8185,0.3742,0.4106,0.0386,0.1418,0.9633,62.25
0.1168,0.9102,0.6279,0.4362,0.4777,0.5391,74.98
0.9389,0.1808,0.6263,0.3318,0.2155,0.8323,67.23
0.6599,0.4396,0.2206,0.4989,0.4804,0.6064,59.41
0.3257,0.5973,0.6205,0.3263,0.0964,1.0,80.55
0.2318,0.2252,0.2043,0.8304,0.9694,0.5135,79.65
0.1662,0.8289,0.8296,0.0564,0.741,0.6115,73.06
0.6584,0.9465,0.8514,0.068,0.7171,0.6829,60.4
0.6333,0.4633,0.3099,0.7724,0.5361,0.7501,65.25
0.2464,0.3465,0.4247,0.6751,0.5541,0.4067,78.68
0.6813,0.3463,0.699,0.3126,0.4061,1.0,71.24
0.3277,0.3682,0.2588,0.0666,0.336,0.2979,74.34
0.3085,0.0927,0.5138,0.3073,0.4716,0.951,87.11
0.6386,0.3566,0.2988,0.4384,0.5289,0.9314,68.75
0.7895,0.4612,0.4495,0.3003,0.8058,0.7735,57.43
0.1994,0.2894,0.8309,0.2032,0.3334,0.6976,87.39
0.1248,0.2178,0.2582,0.7875,0.6884,0.4697,85.59
0.6443,0.9184,0.8863,0.4271,0.0374,0.6849,63.44
0.9136,0.0683,0.7561,0.4799,0.4752,0.2588,64.48
0.8272,0.4348,0.4212,0.0626,0.1815,0.6581,59.77
0.6609,0.9266,0.7103,0.4826,0.8058,0.7192,59.67
0.1015,0.5645,0.2752,0.4249,0.4784,0.5182,82.75
0.7352,0.4427,0.4652,0.1626,0.8091,0.7898,58.15
0.0653,0.3104,0.3469,0.3961,0.5877,0.7776,91.71
0.43,0.9717,0.439,0.6096,0.5751,0.9744,63.43
0.6895,0.1122,0.5726,0.5541,0.4797,0.7793,72.37
0.9311,0.7089,0.3146,0.7043,0.5403,0.6255,50.15
0.5221,0.9046,0.3191,0.2948,0.2769,1.0,64.5
0.7511,0.9009,0.669,0.7242,0.5828,0.6515,54.07
0.561,0.8768,0.7767,0.8898,0.3286,0.9008,67.51
0.9454,0.7419,0.7898,0.0513,0.1435,0.6543,57.27
0.5838,0.7311,0.6264,0.8972,0.8457,1.0,68.01
0.5404,0.6393,0.8351,0.4519,0.0819,0.2632,68.07
0.3282,0.5806,0.4095,0.9655,0.9254,0.9933,77.69
0.2061,0.4963,0.8117,0.5231,0.3912,0.7298,81.13
0.083,0.7261,0.6467,0.2099,0.5028,0.9393,84.44
0.0819,0.2458,0.8903,0.4917,0.5388,0.5022,92.09
0.9164,0.5764,0.8213,0.0227,0.7949,0.852,59.04
0.5729,0.8459,0.7834,0.4453,0.5771,0.5895,58.89
0.1478,0.8614,0.8472,0.5852,0.221,0.9735,89.79
0.3131,0.5046,0.7256,0.7545,0.4647,0.9366,86.76
0.7688,0.6689,0.3366,0.6733,0.02,0.9324,65.35
0.5845,0.0104,0.871,0.5326,0.8528,1.0,83.43
0.3074,0.6463,0.4206,0.1213,0.7235,0.2887,71.09
0.8264,0.7976,0.7989,0.7172,0.0427,0.5504,62.1
0.8793,0.2993,0.7002,0.2066,0.0697,0.5646,63.51
0.4962,0.3791,0.4814,0.915,0.0789,0.8827,75.88
0.5097,0.5996,0.5978,0.209,0.242,0.8171,70.6
0.5446,0.9754,0.8836,0.8416,0.4302,0.5862,61.68
0.9556,0.4504,0.3724,0.6507,0.8608,1.0,55.87
0.1859,0.3467,0.8141,0.1013,0.2902,0.6101,91.22
0.6788,0.0426,0.2938,0.5081,0.24,0.6956,68.83
0.5447,0.4218,0.736,0.3782,0.0047,1.0,81.29
0.295,0.5212,0.4644,0.2549,0.0687,0.8961,81.11
0.1048,0.9992,0.5233,0.9488,0.6346,0.4377,75.17
0.5354,0.8181,0.8433,0.4096,0.2656,1.0,72.06
0.6693,0.5469,0.2948,0.9801,0.0083,0.3808,66.28
0.4197,0.4222,0.8535,0.5091,0.1024,0.8309,82.3
0.5289,0.579,0.6144,0.7942,0.9266,0.7774,65.88
0.5751,0.0449,0.5467,0.2601,0.7562,1.0,80.38
0.6921,0.0036,0.3216,0.5057,0.7635,0.505,66.14
0.6137,0.4543,0.3887,0.3199,0.9609,0.3526,58.54
0.7669,0.5376,0.8249,0.1358,0.491,0.6657,57.28
0.8883,0.0213,0.8775,0.806,0.9599,1.0,72.83
0.8391,0.8208,0.743,0.7657,0.0351,0.5296,54.53
0.2083,0.5039,0.5659,0.065,0.4934,0.7527,76.03
0.9618,0.2224,0.3638,0.4047,0.761,0.662,58.5
0.8294,0.0943,0.7022,0.605,0.6227,0.3533,68.85
0.8259,0.8733,0.8785,0.1863,0.1277,0.3721,54.71
0.2645,0.1669,0.2277,0.262,0.6552,0.4062,83.35
0.6112,0.7242,0.4493,0.4618,0.0073,0.9448,63.79
0.0663,0.0566,0.6831,0.6895,0.8389,0.4994,92.49
0.3712,0.7808,0.7881,0.6432,0.0595,0.6925,76.85
0.6161,0.0988,0.644,0.1444,0.7507,0.7487,69.71
0.7354,0.4747,0.7211,0.983,0.8656,0.7765,67.04
0.2047,0.1775,0.2547,0.496,0.2985,0.3821,84.4
0.8901,0.6457,0.3498,0.4192,0.1079,1.0,60.95
0.0516,0.1924,0.4678,0.4316,0.6875,0.4472,87.57
0.3994,0.6945,0.3189,0.9343,0.1514,0.2822,71.31
0.5946,0.7794,0.3655,0.8933,0.4141,0.3742,59.62
0.9584,0.5834,0.207,0.4648,0.6049,0.2775,45.7
0.0958,0.2434,0.4335,0.7979,0.9657,0.2738,80.54
0.0895,0.7526,0.2242,0.4515,0.1602,0.3501,78.83
0.5405,0.3807,0.2289,0.5093,0.8846,0.8505,66.11
0.025,0.8236,0.4213,0.922,0.7735,0.9315,82.8
0.7923,0.9988,0.2777,0.1672,0.8077,1.0,47.11
0.2568,0.2449,0.2377,0.9784,0.8251,0.9463,84.41
0.2931,0.7865,0.8317,0.1837,0.1442,0.844,81.58
0.2147,0.5877,0.7287,0.1419,0.7326,1.0,81.13
0.7304,0.5833,0.4136,0.8233,0.7978,0.6849,61.88
0.2082,0.1826,0.6491,0.3531,0.0944,1.0,98.32
0.4703,0.0789,0.5259,0.8183,0.7202,0.2721,79.31
0.948,0.8272,0.4514,0.54,0.1119,0.284,48.57
0.1058,0.575,0.2773,0.9551,0.537,1.0,90.62
0.5405,0.4046,0.7302,0.2855,0.6067,0.7412,75.73
0.4136,0.479,0.4996,0.8788,0.9807,0.8683,76.77
0.9991,0.9079,0.5501,0.2692,0.4562,0.2717,44.64
0.7492,0.4383,0.6601,0.9764,0.9767,0.3504,63.92
0.8464,0.1306,0.506,0.0436,0.4037,0.9256,67.72
0.7641,0.9333,0.738,0.9424,0.2016,0.8073,61.33
0.1974,0.326,0.3613,0.5403,0.5099,0.4979,81.23
0.9445,0.0391,0.3104,0.224,0.9655,0.626,57.37
0.7144,0.0097,0.2461,0.1665,0.7435,0.7007,69.66
0.9388,0.1484,0.2102,0.9027,0.0015,0.4408,64.52
0.0182,0.519,0.3741,0.2917,0.7143,0.6197,84.47
0.2393,0.1112,0.2034,0.5162,0.5717,0.9633,88.67
0.1191,0.7983,0.2162,0.9549,0.8504,0.6024,74.81
0.753,0.6278,0.7743,0.1389,0.4945,1.0,63.38
0.5319,0.7733,0.7087,0.74,0.6178,0.6059,62.65
0.5418,0.7331,0.4101,0.989,0.951,1.0,68.34
0.48,0.258,0.3715,0.0507,0.9214,0.9979,69.81
0.9724,0.515,0.679,0.249,0.1187,0.3387,59.24
0.0825,0.0961,0.8177,0.3183,0.6622,0.759,89.35
0.3694,0.2591,0.5509,0.7592,0.9629,0.5333,79.67
0.2598,0.8479,0.2084,0.363,0.3239,0.4692,68.68
0.4129,0.03,0.4252,0.9434,0.6072,0.4795,78.82
0.8632,0.4319,0.3038,0.0537,0.0586,0.3765,54.69
0.8812,0.721,0.7671,0.7063,0.5391,0.334,47.55
0.6526,0.5133,0.6175,0.7671,0.9681,0.3869,61.96
0.8907,0.1407,0.5716,0.5008,0.07,0.4902,66.86
0.2274,0.9127,0.646,0.1927,0.3116,1.0,78.16
0.2223,0.9957,0.2122,0.2947,0.1595,0.3368,68.31
0.5517,0.332,0.5843,0.6866,0.9383,0.826,65.14
0.7863,0.9746,0.4422,0.0179,0.6656,1.0,50.75
0.4646,0.1729,0.2388,0.4265,0.0235,0.3281,77.74
0.5616,0.5224,0.5208,0.0296,0.7234,0.9335,70.8
0.1272,0.735,0.8477,0.4272,0.3508,0.3647,89.26
0.6549,0.2645,0.5726,0.3743,0.4978,0.6436,70.57
0.8149,0.8912,0.8394,0.7539,0.3121,0.915,58.5
0.9706,0.3055,0.3244,0.1443,0.4398,1.0,59.88
0.8252,0.0252,0.6354,0.3329,0.0068,0.7076,72.21
0.7435,0.6259,0.3435,0.7319,0.4918,0.3865,58.07
0.4219,0.4912,0.4869,0.1691,0.9402,0.9438,74.97
0.7495,0.1262,0.5212,0.9527,0.3942,1.0,70.26
0.7036,0.3874,0.4458,0.6988,0.4002,0.3899,65.15
0.13,0.9836,0.8695,0.6214,0.4419,1.0,83.99
0.8563,0.2696,0.6365,0.4733,0.8299,0.8572,61.0
0.5782,0.6391,0.4531,0.0365,0.975,0.3498,53.17
0.4834,0.3013,0.3019,0.2353,0.8641,0.9941,72.06
0.3076,0.3072,0.4935,0.7389,0.3784,0.3897,82.79
0.7906,0.4328,0.3769,0.7383,0.3563,0.5772,63.72
0.5748,0.1721,0.8789,0.6599,0.2764,0.5095,82.52
0.1011,0.7103,0.5451,0.1956,0.5504,0.7369,75.53
0.4636,0.0025,0.6681,0.2335,0.2253,0.8707,87.59
0.864,0.8063,0.7068,0.5282,0.2772,0.9846,55.57
0.5368,0.9931,0.4836,0.8662,0.0183,1.0,72.21
0.1817,0.161,0.8147,0.311,0.6565,0.5057,80.28
0.8021,0.1865,0.8042,0.1185,0.4014,0.535,67.76
0.0042,0.946,0.5477,0.1005,0.73,1.0,75.4
0.3851,0.9875,0.3418,0.0625,0.6989,0.3463,52.37
0.6229,0.9124,0.2346,0.0895,0.276,1.0,60.39
0.2099,0.919,0.5324,0.1168,0.1069,0.8824,76.32
0.4666,0.6522,0.4905,0.7807,0.105,0.8278,71.21
0.388,0.9273,0.7324,0.9399,0.6837,0.8154,70.96
0.5073,0.0985,0.6536,0.8454,0.6361,1.0,82.98
0.3287,0.3647,0.2066,0.1205,0.206,0.6511,78.04
0.7062,0.0226,0.8458,0.5581,0.676,1.0,82.31
0.5226,0.0035,0.2963,0.468,0.7605,0.9055,71.01
0.1058,0.0275,0.6832,0.1111,0.6156,1.0,97.66
0.1546,0.8938,0.6738,0.8791,0.5881,1.0,81.11
0.1206,0.198,0.4372,0.2267,0.4474,0.6343,92.3
0.8633,0.8997,0.2049,0.7983,0.547,0.8676,49.79
0.3519,0.8671,0.5504,0.0147,0.6513,0.8634,64.81
0.2932,0.7984,0.2945,0.8763,0.964,0.3987,67.92
0.0381,0.9933,0.6217,0.7634,0.5515,1.0,79.76
0.2596,0.6664,0.2139,0.8008,0.6822,0.5768,68.65
0.2459,0.8497,0.8401,0.3647,0.7486,1.0,78.41
0.142,0.3219,0.7151,0.8387,0.8946,1.0,90.56
0.9277,0.2176,0.4548,0.9792,0.955,0.8447,61.92
0.7668,0.8928,0.3096,0.8485,0.7028,0.8869,49.73
0.5779,0.2886,0.7987,0.5034,0.2204,0.2594,70.7
0.9129,0.7386,0.6205,0.8095,0.814,0.54,51.56
0.3683,0.0713,0.5334,0.3647,0.8075,0.7542,84.09
0.3881,0.2908,0.699,0.2451,0.6677,1.0,82.89
0.55,0.0935,0.4281,0.8202,0.8805,0.5031,72.59
0.4987,0.2596,0.8955,0.4906,0.8203,0.7864,71.74
0.3201,0.2468,0.4359,0.7445,0.9144,0.3519,80.91
0.546,0.0764,0.5143,0.4927,0.8072,0.3728,69.22
0.4978,0.0985,0.4536,0.1548,0.8541,0.8362,72.98
0.7624,0.8121,0.5233,0.2271,0.3834,0.3907,54.23
0.7381,0.9908,0.7402,0.4229,0.4626,0.3796,50.08
0.3581,0.4415,0.2191,0.2036,0.8269,0.6752,67.13
0.7547,0.4807,0.8964,0.7526,0.4812,0.9124,74.3
0.2165,0.4867,0.4148,0.2283,0.0159,0.4202,76.01
0.8405,0.5033,0.427,0.459,0.1811,0.2957,59.97
0.5626,0.3323,0.7394,0.3944,0.5281,1.0,78.31
0.5162,0.3003,0.232,0.4166,0.2507,0.2594,69.21
0.6527,0.3772,0.3448,0.4782,0.0676,1.0,73.64
0.7266,0.9669,0.4806,0.4176,0.1384,0.8034,60.07
0.2179,0.529,0.7054,0.8359,0.6074,0.6226,82.8
0.2632,0.9185,0.5663,0.3934,0.6794,0.4117,67.25
0.6939,0.7802,0.7442,0.2597,0.3469,0.2733,52.64
0.772,0.4743,0.6044,0.7422,0.957,0.5501,59.11
0.8538,0.4291,0.3802,0.0088,0.1919,0.8516,59.23
0.7367,0.5002,0.8173,0.4998,0.339,0.4835,68.99
0.4363,0.077,0.6931,0.0276,0.8312,0.7331,80.61
0.2101,0.4024,0.7861,0.4554,0.2062,0.3047,87.04
0.1761,0.9437,0.3031,0.1033,0.7616,1.0,72.52
0.4901,0.6067,0.8781,0.1066,0.1644,0.9645,72.61
0.1576,0.883,0.4604,0.289,0.8371,0.6205,70.41
0.1757,0.1036,0.4974,0.5786,0.2073,1.0,95.73
0.1792,0.0296,0.3261,0.4132,0.9611,0.7713,85.67
0.9793,0.2661,0.675,0.2686,0.8288,0.3055,53.9
0.5464,0.8684,0.5154,0.8835,0.7595,1.0,65.43
0.9239,0.4456,0.745,0.8882,0.6853,1.0,62.01
0.2912,0.1983,0.3293,0.8351,0.1835,1.0,88.32
0.1131,0.8083,0.3119,0.2786,0.4436,1.0,80.33
0.9159,0.0053,0.3556,0.5628,0.7414,0.9432,65.34
0.881,0.6158,0.6289,0.9866,0.325,0.8906,63.54
0.219,0.6047,0.2891,0.7007,0.9913,0.7022,73.08
0.8948,0.1179,0.4713,0.3481,0.0478,1.0,70.07
0.5632,0.4292,0.2878,0.4304,0.4198,0.6122,67.37
0.863,0.553,0.4126,0.9772,0.5881,0.4927,58.59
0.7489,0.5864,0.2164,0.7228,0.5057,0.7506,59.73
0.7482,0.9937,0.7275,0.8465,0.0217,0.2909,57.81
0.0102,0.7149,0.2723,0.9598,0.8444,0.7954,85.07
0.9041,0.7766,0.8611,0.8821,0.2382,0.2799,60.63
0.259,0.5724,0.2242,0.2252,0.8988,0.5695,70.94
0.0066,0.1678,0.4503,0.0407,0.8096,1.0,94.55
0.8054,0.3441,0.8814,0.1135,0.8847,0.4574,59.49
0.7179,0.8975,0.3582,0.4048,0.5043,0.7582,56.84
0.5603,0.6951,0.3457,0.1936,0.7758,0.4267,61.18
0.3941,0.1632,0.4987,0.0072,0.5374,0.5679,83.18
0.7466,0.5384,0.6516,0.1224,0.8317,0.9729,61.38
0.8797,0.0575,0.7461,0.7514,0.3928,1.0,72.83
0.6117,0.6148,0.866,0.1179,0.2427,0.705,70.34
0.309,0.3717,0.312,0.9064,0.3839,0.7957,85.95
0.867,0.6409,0.5965,0.9017,0.3419,1.0,63.88
0.3955,0.076,0.3604,0.4816,0.2321,0.6174,84.65
0.9442,0.855,0.3918,0.3185,0.6678,0.7163,47.74
0.1029,0.9057,0.6909,0.8904,0.4257,0.6612,80.4
0.7665,0.0264,0.5998,0.1583,0.7418,0.7386,68.7
0.2705,0.1911,0.6936,0.0628,0.6911,1.0,92.5
0.3546,0.3178,0.3896,0.7198,0.1396,0.7834,85.62
0.8413,0.5174,0.5091,0.9173,0.461,0.378,60.58
0.4661,0.9738,0.4621,0.7412,0.86,0.3905,61.92
0.7082,0.2544,0.7585,0.3213,0.9318,0.9753,71.75
0.5907,0.736,0.8784,0.3025,0.5427,0.7016,62.31
0.8295,0.1983,0.3463,0.2345,0.1702,0.7904,68.38
0.5582,0.3543,0.4506,0.6175,0.0572,0.5619,74.08
0.96,0.2749,0.8184,0.3335,0.5035,0.969,60.13
0.7352,0.5304,0.7807,0.5415,0.9727,0.5439,55.82
0.135,0.7885,0.2126,0.5079,0.3979,0.3649,75.95
0.5845,0.1683,0.4136,0.2167,0.7801,1.0,73.06
0.5856,0.1688,0.3113,0.1836,0.3504,0.9421,73.67
0.5333,0.3527,0.7571,0.9338,0.4057,0.9439,84.09
0.5525,0.1887,0.7323,0.8808,0.6461,0.3331,75.88
0.9458,0.7929,0.372,0.2735,0.2875,0.7756,45.64
0.6055,0.6551,0.4761,0.8315,0.4434,0.3732,61.12
0.3985,0.2623,0.7817,0.3427,0.8391,1.0,80.36
0.0668,0.836,0.6529,0.0188,0.2316,0.3186,79.77
0.7373,0.0844,0.3537,0.3707,0.2008,0.8176,74.51
0.4637,0.0868,0.6143,0.3823,0.0058,0.2929,84.27
0.9651,0.9318,0.3005,0.4859,0.0373,0.6166,42.15
0.7484,0.831,0.2384,0.9756,0.8703,0.6083,56.34
0.2184,0.5257,0.8576,0.0103,0.5724,0.4592,80.67
0.0901,0.8262,0.6613,0.8574,0.6733,0.4385,81.46
0.8673,0.1982,0.4873,0.0124,0.9369,0.8158,59.37
0.4353,0.1372,0.34,0.0991,0.349,1.0,82.42
0.2877,0.9154,0.3376,0.1787,0.4699,1.0,66.76
0.4202,0.9186,0.2222,0.8587,0.2084,0.4801,65.11
0.2923,0.6237,0.2315,0.2774,0.4286,0.3137,68.79
0.5116,0.4414,0.8986,0.8359,0.4944,0.8142,81.41
0.1888,0.2998,0.3279,0.8822,0.287,0.4509,84.57
0.0778,0.4962,0.3533,0.3454,0.7809,0.9798,89.03
0.501,0.3887,0.3789,0.5703,0.9974,0.4017,70.2
0.3697,0.2254,0.7894,0.1368,0.5594,0.288,75.29
0.6882,0.173,0.561,0.7339,0.2662,0.8484,76.63
0.3389,0.5009,0.4361,0.8856,0.4817,1.0,81.02
0.1744,0.3908,0.395,0.3213,0.59,0.2647,80.21
0.2204,0.5336,0.3833,0.4273,0.3047,1.0,79.37
0.6351,0.737,0.4055,0.4556,0.9562,0.729,57.01
0.3962,0.3752,0.5796,0.4514,0.6518,1.0,82.74
0.8785,0.2564,0.4899,0.4674,0.6794,0.6054,61.15
0.8091,0.9647,0.247,0.6591,0.8823,0.3299,47.52
0.3728,0.5175,0.6263,0.0336,0.0598,0.6651,79.49
0.8431,0.0111,0.5619,0.3345,0.6975,0.8457,67.92
0.8376,0.3851,0.403,0.2362,0.4119,1.0,69.19
0.2279,0.248,0.3869,0.4248,0.5092,0.4437,83.87
0.3964,0.6446,0.6661,0.0223,0.4046,0.8924,75.07
0.933,0.183,0.3284,0.4103,0.8576,1.0,59.17
0.6424,0.7761,0.63,0.7711,0.4521,0.8431,63.37
0.7599,0.6763,0.7658,0.0467,0.4707,0.4381,58.39
0.4147,0.3047,0.7692,0.6964,0.6936,1.0,79.58
0.3998,0.7419,0.4204,0.9943,0.3227,0.2701,69.84
0.6707,0.3027,0.2966,0.8284,0.6945,0.3038,62.15
0.765,0.7648,0.5815,0.4015,0.7233,0.2773,49.1
0.3908,0.1868,0.2428,0.0697,0.763,0.7797,81.71
0.0148,0.1917,0.7667,0.5814,0.7667,0.7166,94.32
0.6157,0.6729,0.5967,0.5365,0.1597,0.36,67.89
0.9658,0.7695,0.7408,0.2334,0.0904,0.9261,59.91
0.9221,0.5339,0.7757,0.308,0.2624,0.6215,59.03
0.718,0.5914,0.6809,0.6649,0.9725,0.3298,58.75
0.7711,0.9576,0.4117,0.9896,0.6015,0.2677,49.21
0.6105,0.4185,0.2187,0.3804,0.1796,0.8155,74.51
0.8195,0.4392,0.2014,0.2585,0.6073,0.3989,56.35
0.9125,0.7425,0.3946,0.7863,0.8117,0.8893,51.7
0.7828,0.6937,0.7754,0.0753,0.7247,0.3523,48.03
0.0056,0.634,0.8677,0.2711,0.2218,0.3544,89.28
0.883,0.5277,0.8046,0.7586,0.9211,0.3444,54.42
0.7724,0.921,0.6607,0.9013,0.654,0.3354,51.25
0.0015,0.9395,0.7423,0.1144,0.0544,0.7992,87.47
0.0425,0.8798,0.3425,0.5132,0.5394,0.7244,81.9
0.8983,0.9609,0.2459,0.1593,0.1502,0.4018,48.19
0.6513,0.7704,0.783,0.8424,0.3262,1.0,67.96
0.6605,0.0192,0.3031,0.5076,0.5795,0.5606,67.97
0.4669,0.2756,0.2527,0.5398,0.423,0.793,74.63
0.1123,0.5998,0.826,0.8586,0.1715,0.6829,90.3
0.0331,0.1335,0.2117,0.6249,0.4563,0.8326,94.76
0.8045,0.9943,0.4949,0.6725,0.8824,0.5072,48.34
0.3815,0.651,0.6493,0.334,0.5219,1.0,80.92
0.4846,0.0059,0.325,0.7358,0.2952,0.8568,82.96
0.6576,0.3739,0.4855,0.0186,0.09,1.0,69.62
0.9568,0.4585,0.3741,0.1826,0.9095,0.7724,46.33
0.7042,0.2499,0.4637,0.761,0.0008,1.0,79.89
0.2936,0.3754,0.2931,0.7649,0.6897,0.2885,72.92
0.4249,0.5012,0.2554,0.5328,0.4396,0.5866,75.17
0.9416,0.6797,0.8796,0.8737,0.8271,0.4993,56.56
0.1469,0.3523,0.7018,0.4518,0.4984,0.7246,86.4
0.2764,0.7123,0.4878,0.9991,0.9607,0.4616,74.92
0.4636,0.7755,0.8791,0.4078,0.5853,0.3686,68.09
0.5815,0.5669,0.5392,0.9114,0.8875,1.0,69.8
0.2566,0.6048,0.4709,0.1658,0.4107,0.8182,78.44
0.0111,0.417,0.2509,0.4537,0.9314,0.7848,87.69
0.377,0.9853,0.8361,0.948,0.6573,0.3915,73.76
0.9148,0.6032,0.8659,0.5482,0.2153,0.9389,62.53
0.3998,0.5148,0.6971,0.4509,0.1873,1.0,75.46
0.4338,0.3011,0.3729,0.5252,0.0489,1.0,85.01
0.8131,0.0956,0.3401,0.5279,0.1896,0.9507,65.8
0.0846,0.991,0.4817,0.0293,0.8968,0.5155,77.06
0.6984,0.9299,0.3028,0.6169,0.747,0.3117,52.15
0.7924,0.7412,0.6629,0.8529,0.8707,0.9202,56.8
0.1182,0.2041,0.7681,0.4957,0.1523,0.8326,96.56
0.5436,0.1324,0.614,0.5401,0.6444,1.0,78.69
0.7859,0.9398,0.2948,0.9086,0.3295,1.0,57.73
0.649,0.0556,0.3279,0.3368,0.2321,0.7727,72.31
0.6086,0.8004,0.6357,0.261,0.9057,0.6173,58.35
0.9154,0.5684,0.8837,0.7768,0.9212,1.0,68.64
0.37,0.5339,0.8155,0.0852,0.6589,0.4755,75.37
0.9352,0.4486,0.4859,0.1005,0.5262,0.7742,57.35
0.7645,0.9154,0.6494,0.7712,0.8496,0.2562,50.3
0.2479,0.9394,0.5435,0.1205,0.1634,0.4567,72.69
0.6605,0.3157,0.4833,0.0127,0.4962,0.7045,68.0
0.6424,0.0733,0.8934,0.3496,0.2258,0.329,73.62
0.966,0.1466,0.4335,0.622,0.8358,0.7978,58.37
0.071,0.1983,0.539,0.21,0.0403,0.5234,94.87
0.9963,0.2751,0.514,0.55,0.0001,0.4984,63.79
0.4313,0.4439,0.8711,0.416,0.1287,0.4567,86.21
0.8849,0.6918,0.5293,0.3214,0.7774,0.8076,51.76
0.7864,0.6299,0.8842,0.6881,0.8533,1.0,67.24
0.961,0.1665,0.5767,0.3471,0.268,0.6016,65.68
0.9716,0.037,0.7698,0.5583,0.354,0.2513,62.11
0.7289,0.8078,0.4247,0.8352,0.2606,0.9085,66.0
0.6192,0.6691,0.3742,0.6664,0.9218,0.293,53.6
0.0506,0.0113,0.3721,0.8289,0.0126,0.5355,100
0.8928,0.1172,0.3934,0.0184,0.7611,0.8039,61.68
0.1782,0.8043,0.2169,0.209,0.3826,0.9549,71.81
0.7672,0.7384,0.2279,0.5137,0.9153,0.7487,46.0
0.6283,0.6934,0.2147,0.4448,0.5405,0.3889,61.62
0.3217,0.6081,0.4366,0.9708,0.3821,0.8844,79.3
0.2037,0.2367,0.7046,0.1322,0.0555,0.4241,86.82
0.9855,0.3,0.795,0.5031,0.5072,0.299,58.68
0.0426,0.7198,0.6236,0.483,0.9688,0.7969,78.22
0.041,0.6795,0.2822,0.6993,0.0927,1.0,90.41
0.9791,0.8657,0.2552,0.1997,0.8562,0.3832,34.39
0.3898,0.1003,0.4347,0.2757,0.3385,0.2931,81.29
0.1865,0.1193,0.6158,0.4033,0.2953,0.6669,94.82
0.6837,0.9878,0.3027,0.3135,0.6006,0.6812,54.97
0.2726,0.7112,0.4074,0.7264,0.9586,0.302,68.84
0.5318,0.8917,0.7408,0.9185,0.8954,0.3233,60.99
0.7459,0.8229,0.6006,0.7292,0.5766,0.6361,55.09
0.7927,0.8039,0.8985,0.1323,0.4074,0.4775,55.24
0.9228,0.3633,0.8834,0.1379,0.3844,0.9282,60.55
0.3012,0.1297,0.5403,0.5555,0.4484,0.4481,82.72
0.3306,0.8126,0.4754,0.0415,0.3958,0.6478,71.12
0.0084,0.044,0.7117,0.8871,0.0877,0.8305,100
0.545,0.1207,0.8017,0.5866,0.5924,1.0,83.1
0.0587,0.7408,0.6474,0.1432,0.1353,0.8076,83.27
0.7674,0.4601,0.4597,0.4675,0.5975,0.462,63.68
0.1121,0.6493,0.3307,0.3924,0.0495,0.9069,83.77
0.967,0.3488,0.7703,0.493,0.2953,0.5449,62.02
0.8113,0.9815,0.6134,0.1371,0.319,0.9349,56.09
0.2853,0.3294,0.5597,0.1244,0.0163,0.7643,85.06
0.7184,0.5952,0.4435,0.3504,0.2114,1.0,68.31
0.3981,0.4061,0.8069,0.5971,0.6858,0.387,72.41
0.4933,0.495,0.4204,0.4074,0.0121,1.0,72.38
0.8404,0.3096,0.4961,0.4476,0.2963,1.0,70.2
0.1543,0.4216,0.8451,0.016,0.1967,0.9831,94.27
0.0272,0.3745,0.3393,0.0044,0.4412,0.8728,89.79
0.6348,0.0902,0.5479,0.0939,0.4232,0.568,72.09
0.1289,0.2557,0.2525,0.2453,0.3264,0.6555,87.15
0.2653,0.7097,0.878,0.7319,0.3654,0.339,80.49
0.9875,0.4675,0.2381,0.7227,0.1231,1.0,54.82
0.08,0.643,0.5673,0.5756,0.3979,1.0,93.08
0.4046,0.2148,0.4311,0.8852,0.5537,0.4286,77.02
0.3223,0.6073,0.3847,0.6706,0.46,0.7514,80.67
0.0492,0.1857,0.37,0.7461,0.4783,0.6845,93.84
0.731,0.5421,0.3711,0.006,0.6424,0.7667,60.41
0.4325,0.2419,0.3328,0.8174,0.6902,0.8034,81.84
0.4791,0.7861,0.2933,0.5655,0.8606,0.515,66.36
0.9216,0.3222,0.7342,0.8155,0.9348,1.0,64.74
0.4602,0.6173,0.6156,0.1868,0.1653,0.6839,73.37
0.1595,0.7209,0.8072,0.6517,0.0467,0.4684,91.66
0.1824,0.5752,0.376,0.9916,0.0653,0.8154,87.57
0.5163,0.2933,0.3487,0.2969,0.6598,0.8043,77.51
0.5253,0.8895,0.2064,0.6727,0.3314,0.5443,65.94
0.69,0.1268,0.4723,0.9148,0.4426,0.65,77.18
0.6897,0.6223,0.3412,0.9594,0.1243,0.2535,65.27
0.9847,0.2134,0.3083,0.7735,0.4325,0.8233,56.75
0.7791,0.9136,0.5449,0.4674,0.2183,1.0,54.36
0.6998,0.0338,0.4789,0.9286,0.7301,0.2759,73.11
0.8027,0.0034,0.591,0.0524,0.3785,0.2817,65.86
0.5034,0.3042,0.6411,0.0848,0.8241,0.837,72.03
0.7911,0.2975,0.2376,0.8978,0.2702,0.8691,70.32
0.7586,0.5063,0.4996,0.4202,0.3713,1.0,62.95
0.8419,0.4297,0.3119,0.8428,0.2451,0.6211,63.78
0.3568,0.8469,0.7667,0.4035,0.9552,0.4905,62.38
0.4116,0.071,0.6016,0.2673,0.595,0.8419,84.43
0.2176,0.5871,0.7391,0.6794,0.7486,1.0,86.97
0.7081,0.8421,0.6187,0.0774,0.5987,0.8972,53.75
0.6202,0.315,0.4195,0.8668,0.5972,0.9837,75.38
0.2075,0.8235,0.7426,0.4365,0.2165,0.3708,77.8
0.8932,0.1014,0.2706,0.7186,0.5857,1.0,70.27
0.5337,0.6509,0.6624,0.9102,0.3295,0.5143,72.92
0.0163,0.6998,0.3277,0.4504,0.7413,1.0,82.15
0.8757,0.1375,0.3352,0.5916,0.5311,1.0,69.01
0.8267,0.9291,0.3131,0.3977,0.4611,0.712,48.66
0.4917,0.8472,0.742,0.5264,0.909,0.368,57.47
0.6489,0.0578,0.6601,0.9725,0.2901,0.6056,81.44
0.0495,0.6975,0.8912,0.1999,0.7233,0.7776,82.91
0.7476,0.575,0.5755,0.8698,0.271,0.2725,64.32
0.6794,0.5153,0.6807,0.6235,0.5674,0.9804,70.73
0.2414,0.0037,0.6346,0.9183,0.1542,0.6121,100
0.1193,0.8394,0.2415,0.8801,0.4172,0.6022,78.25
0.3227,0.9009,0.7127,0.6844,0.4064,0.5046,73.04
0.4993,0.9268,0.8629,0.3225,0.7516,0.5786,61.47
0.9661,0.2548,0.5017,0.0057,0.0523,0.7301,61.62
0.3376,0.7869,0.4904,0.531,0.1328,0.8764,74.01
0.3529,0.3251,0.3077,0.8918,0.8616,0.4883,78.12
0.7698,0.5887,0.5306,0.2961,0.1437,1.0,66.02
0.9121,0.9981,0.2119,0.7755,0.8365,1.0,48.93
0.8673,0.7302,0.5168,0.9583,0.4082,0.2918,50.14
0.2678,0.9163,0.5589,0.4112,0.1734,0.9809,72.61
0.3328,0.0485,0.628,0.5347,0.0304,0.808,96.02
0.2126,0.668,0.2085,0.7702,0.638,1.0,74.46
0.4756,0.4848,0.7912,0.8213,0.5759,0.6964,78.11
0.1529,0.2687,0.3468,0.3892,0.2703,0.2621,82.34
0.3178,0.0422,0.3433,0.7535,0.3776,0.8837,88.19
0.9837,0.573,0.5488,0.6392,0.2228,0.4803,58.27
0.0188,0.3368,0.7799,0.7613,0.0452,0.853,99.01
0.617,0.2703,0.6555,0.8087,0.0443,0.4638,77.71
0.09,0.9113,0.6203,0.7627,0.3321,0.507,80.35
0.1912,0.3122,0.2286,0.0964,0.7441,0.8596,80.28
0.4712,0.5326,0.5222,0.6097,0.9557,0.3542,65.02
0.4254,0.2673,0.8363,0.5227,0.159,0.2534,84.86
0.522,0.7239,0.7874,0.32,0.6414,1.0,67.8
0.2765,0.5706,0.3114,0.6467,0.2198,1.0,76.38
0.4294,0.7368,0.4524,0.5486,0.7164,0.9437,70.9
0.4806,0.9281,0.3469,0.8493,0.4435,0.8915,68.62
0.3839,0.1818,0.6132,0.6572,0.6422,0.8746,78.33
0.5296,0.8935,0.735,0.4687,0.5007,0.5203,69.58
0.1467,0.3815,0.4533,0.3399,0.3124,0.821,86.99
0.4204,0.1528,0.2935,0.7249,0.2201,0.6843,82.14
0.4503,0.5026,0.6055,0.9807,0.8839,0.459,70.06
0.0359,0.8126,0.734,0.4284,0.8239,1.0,79.85
0.7145,0.6277,0.5136,0.6711,0.5522,0.9924,68.39
0.7033,0.0706,0.7537,0.4207,0.314,0.4356,74.2
0.5248,0.9888,0.815,0.5446,0.6243,0.2865,58.06
0.5142,0.3527,0.2454,0.4941,0.0581,0.7826,76.28
0.3696,0.9876,0.7335,0.6272,0.1676,1.0,75.02
0.5117,0.411,0.5676,0.8612,0.9595,0.8781,75.47
0.3986,0.1509,0.6156,0.6813,0.1804,1.0,90.07
0.632,0.3337,0.2618,0.8785,0.5468,0.3918,63.0
0.5671,0.7891,0.5661,0.387,0.6557,0.9489,62.71
0.8084,0.6489,0.5419,0.9154,0.388,0.9471,63.09
0.9657,0.0366,0.2829,0.4547,0.132,0.691,67.35
0.3876,0.6067,0.3617,0.2749,0.7064,0.8575,73.54
0.8495,0.6614,0.6252,0.4541,0.0462,0.9044,65.78
0.4602,0.6142,0.8036,0.7829,0.865,1.0,75.59
0.191,0.3543,0.5123,0.8004,0.4423,0.9281,89.81
0.6582,0.8799,0.2701,0.3293,0.6321,0.8746,49.94
0.7676,0.44,0.8335,0.3575,0.6437,0.7311,61.83
0.7392,0.5166,0.6976,0.2802,0.0447,0.587,63.48
0.5091,0.2092,0.8803,0.3114,0.3086,0.6931,87.82
0.1024,0.1524,0.3588,0.6482,0.3227,0.2951,92.11
0.4006,0.9905,0.2797,0.6278,0.3935,1.0,65.8
0.0375,0.6389,0.8148,0.4503,0.4464,0.299,84.88
0.8825,0.2321,0.8815,0.8043,0.6276,0.5774,64.57
0.9763,0.5745,0.4054,0.915,0.9897,1.0,52.87
0.4233,0.8562,0.8676,0.8144,0.0664,0.4498,75.62
0.2186,0.4986,0.6633,0.8686,0.3551,1.0,90.48
0.3661,0.7064,0.3121,0.91,0.6694,0.8573,72.6
0.9617,0.774,0.3459,0.0377,0.5649,0.3313,46.2
0.5592,0.9218,0.6633,0.6425,0.9959,0.4579,58.13
0.8545,0.7364,0.2483,0.347,0.7389,0.7427,50.78
0.5831,0.7971,0.2168,0.4666,0.2073,0.5173,58.1
0.2546,0.1767,0.2856,0.743,0.5723,0.7494,87.79
0.6503,0.9216,0.5409,0.7407,0.9233,0.8089,54.12
0.3367,0.9483,0.8283,0.0769,0.6644,0.6208,69.05
0.5518,0.6455,0.86,0.8912,0.0989,0.9721,77.08
0.4795,0.6991,0.241,0.5908,0.8173,0.4364,63.83
0.4869,0.4497,0.2181,0.9962,0.5915,0.9091,75.82
0.6644,0.9969,0.8798,0.7707,0.0287,0.3889,64.51
0.9617,0.6344,0.8785,0.7491,0.5751,0.842,54.17
0.1166,0.8907,0.4909,0.4524,0.1231,0.9341,85.45
0.9899,0.4139,0.8668,0.0015,0.9974,0.9344,57.33
0.8113,0.9217,0.2941,0.849,0.128,0.8734,55.09
0.9788,0.2687,0.6119,0.0396,0.8996,0.4414,50.11
0.2207,0.421,0.4507,0.7404,0.0938,1.0,90.51
0.6143,0.3274,0.645,0.2761,0.4036,0.5015,72.34
0.2453,0.8583,0.2439,0.304,0.3955,0.5805,69.99
0.8817,0.1401,0.7663,0.8136,0.11,0.6018,70.43
0.2182,0.5676,0.7476,0.3567,0.9046,0.5996,77.93
0.6123,0.3349,0.6079,0.158,0.1827,0.8782,69.91
0.8119,0.2986,0.2315,0.2163,0.8583,0.9767,64.31
0.8144,0.3234,0.881,0.743,0.3345,0.3083,66.99
0.9368,0.9685,0.7456,0.9254,0.2558,0.7535,51.89
0.4811,0.1806,0.8374,0.2287,0.0008,0.6798,84.62
0.2527,0.3612,0.4646,0.7389,0.0837,0.8794,90.82
0.2924,0.8295,0.3042,0.0928,0.2607,0.9665,68.83
0.5896,0.3168,0.2445,0.8748,0.0081,0.2628,72.83
0.3222,0.2439,0.5469,0.4354,0.0948,0.4281,82.43
0.502,0.0598,0.7062,0.5359,0.965,0.3286,70.75
0.2061,0.0843,0.2645,0.0649,0.2288,0.6913,84.15
0.9453,0.0148,0.7589,0.0776,0.4561,0.2916,65.49
0.6714,0.6309,0.4241,0.3012,0.3307,0.6663,66.38
0.6517,0.0023,0.8046,0.822,0.6565,0.474,79.24
0.8086,0.0721,0.8594,0.1792,0.743,0.2612,67.77
0.0542,0.9589,0.5022,0.3352,0.647,1.0,78.84
0.91,0.0189,0.4285,0.8309,0.1682,0.9292,76.66
0.0273,0.4089,0.2257,0.315,0.2561,0.927,93.06
0.5664,0.0191,0.8882,0.4018,0.8928,0.4387,76.95
0.1357,0.1366,0.2262,0.9912,0.2321,1.0,94.23
0.1305,0.6648,0.233,0.3778,0.655,0.3376,71.67
0.0464,0.0755,0.7307,0.256,0.3067,0.455,93.1
0.101,0.2278,0.322,0.1815,0.3788,1.0,91.51
0.7329,0.2542,0.7827,0.4117,0.2833,0.3657,68.12
0.3043,0.5006,0.4089,0.8042,0.6094,0.6425,80.06
0.512,0.4294,0.3873,0.7454,0.7297,0.7847,71.61
0.3566,0.4373,0.5177,0.67,0.6251,1.0,80.51
0.5501,0.6251,0.3241,0.4719,0.2321,0.621,71.37
0.7744,0.3346,0.3243,0.3836,0.9598,0.59,55.53
0.2675,0.764,0.4731,0.1577,0.7875,1.0,77.63
0.5109,0.6196,0.4916,0.3001,0.2666,0.9675,70.2
0.849,0.698,0.3115,0.8782,0.7775,1.0,57.27
0.9238,0.3938,0.7038,0.6669,0.3381,0.7644,62.1
0.4077,0.7619,0.8165,0.5766,0.8882,0.9356,67.5
0.1541,0.2025,0.8375,0.755,0.3883,1.0,98.42
0.4748,0.1567,0.5204,0.6449,0.934,1.0,80.34
0.7449,0.5471,0.3572,0.2715,0.9402,0.5127,51.13
0.4292,0.6688,0.2183,0.7848,0.3933,0.7435,69.45
0.296,0.4704,0.6472,0.6159,0.7521,0.9457,81.61
0.0962,0.8604,0.6717,0.5001,0.1015,1.0,84.66
0.5153,0.1967,0.5233,0.0292,0.0231,0.9892,78.25
0.4715,0.166,0.7811,0.0041,0.0954,0.7416,83.65
0.4236,0.482,0.5877,0.7116,0.5559,0.3783,73.1
0.1178,0.9792,0.8853,0.3982,0.1965,0.9542,79.31
0.783,0.442,0.3288,0.6424,0.8383,0.9363,65.28
0.3886,0.7025,0.4411,0.4055,0.9172,0.4253,64.63
0.1089,0.1387,0.8515,0.8606,0.5886,1.0,100
0.5727,0.5056,0.6655,0.9935,0.1098,0.8385,77.51
0.7025,0.3833,0.4045,0.4602,0.6204,0.6639,62.99
0.889,0.2242,0.43,0.6001,0.0329,1.0,66.71
0.1074,0.3499,0.7414,0.0275,0.4014,0.9085,88.67
0.5851,0.7614,0.2569,0.2264,0.2722,0.4992,58.82
0.4762,0.6659,0.7833,0.6568,0.2051,0.8785,75.17
0.0456,0.5634,0.758,0.2653,0.7284,1.0,87.93
0.865,0.4936,0.3516,0.0739,0.251,0.749,58.07
0.2829,0.6545,0.6132,0.6577,0.7717,0.2936,72.87
0.3116,0.899,0.3131,0.9119,0.1505,0.765,78.05
0.9258,0.4042,0.581,0.033,0.9648,1.0,51.79
0.6022,0.2464,0.3011,0.9548,0.7697,0.4863,75.05
0.3024,0.2611,0.3092,0.0599,0.3193,0.3185,73.3
0.0614,0.4781,0.8891,0.0962,0.8373,1.0,94.44
0.3822,0.0798,0.751,0.0989,0.7019,0.3292,84.01
0.4955,0.2033,0.2947,0.7054,0.583,0.5337,74.98
0.1354,0.9062,0.6683,0.0043,0.9706,0.7274,71.45
0.803,0.0883,0.2644,0.1325,0.5336,1.0,66.67
0.4846,0.6972,0.7408,0.6076,0.9698,0.6867,68.83
0.5101,0.4909,0.4062,0.4287,0.6052,0.4689,67.74
0.918,0.4993,0.6303,0.1112,0.9859,0.3619,48.57
0.5776,0.2863,0.3747,0.1518,0.3484,1.0,75.74
0.9201,0.2178,0.236,0.5968,0.4333,0.8567,63.19
0.3885,0.4065,0.3773,0.3444,0.1672,0.5462,76.97
0.3119,0.0751,0.2973,0.3633,0.4866,0.9913,82.9
0.9342,0.4665,0.58,0.7048,0.2759,0.7319,63.61
0.6045,0.5067,0.8874,0.5979,0.9812,0.2781,63.25
0.106,0.9904,0.6905,0.3407,0.4514,1.0,81.26
0.3641,0.5049,0.8206,0.8517,0.1842,0.835,83.81
0.0864,0.1561,0.4829,0.7604,0.3616,0.5864,93.94
0.4764,0.6633,0.2581,0.859,0.6539,0.5016,71.81
0.8388,0.0051,0.7729,0.5092,0.9557,0.6359,68.62
0.7004,0.4451,0.7656,0.8769,0.0034,0.835,76.06
0.8127,0.4092,0.6197,0.6723,0.9883,0.9872,64.23
0.1407,0.4717,0.318,0.5015,0.1113,0.5719,85.97
0.7927,0.1613,0.3606,0.5522,0.181,0.7597,69.24
0.471,0.8663,0.5682,0.3579,0.606,0.7959,68.81
0.0319,0.2729,0.2273,0.7513,0.268,0.8049,95.91
0.7818,0.7045,0.8552,0.347,0.0297,1.0,68.53
0.7743,0.1942,0.877,0.9437,0.9276,0.401,65.79
0.9235,0.0077,0.8506,0.2893,0.6396,1.0,67.21
0.3594,0.4894,0.8864,0.5988,0.4644,0.4702,82.14
0.8515,0.0237,0.4101,0.6221,0.91,0.9029,69.57
0.3294,0.3013,0.6293,0.8716,0.1262,0.9486,89.77
0.6558,0.2879,0.589,0.7999,0.2878,1.0,75.53
0.1289,0.0364,0.2595,0.5099,0.5555,0.8094,94.04
0.3444,0.9813,0.5915,0.7104,0.0249,1.0,75.89
0.4647,0.5852,0.2808,0.1459,0.2219,0.8556,69.9
0.2506,0.9177,0.3677,0.7205,0.5963,0.2626,62.76
0.8143,0.5525,0.8705,0.915,0.7842,0.793,62.03
0.5447,0.2783,0.6031,0.7366,0.8341,0.8025,79.65
0.4299,0.6376,0.6826,0.3593,0.1532,0.8071,75.55
0.0667,0.0485,0.4321,0.4597,0.2335,0.9431,98.85
0.3713,0.8937,0.2581,0.3183,0.4442,0.3355,63.19
0.0691,0.5877,0.5863,0.14,0.22,0.2688,87.14
0.2804,0.4789,0.4789,0.6138,0.6401,1.0,80.63
0.7739,0.4989,0.8366,0.3231,0.8764,0.2584,60.41
0.282,0.1842,0.7208,0.901,0.1741,0.5264,91.74
0.08,0.7094,0.4155,0.7201,0.342,1.0,86.05
0.3983,0.108,0.5742,0.3153,0.2818,1.0,89.62
0.8341,0.5631,0.4652,0.1622,0.1645,0.6645,57.72
0.2392,0.7629,0.3551,0.1444,0.7948,0.8694,70.76
0.2222,0.0826,0.648,0.9216,0.1393,0.6046,97.22
0.0461,0.0203,0.7797,0.6051,0.3923,1.0,100
0.4426,0.0992,0.4068,0.157,0.1388,0.3701,75.45
0.302,0.4073,0.5791,0.7691,0.9052,0.5793,78.42
0.4061,0.6041,0.5324,0.9905,0.005,0.4528,79.43
0.1262,0.355,0.2231,0.2154,0.839,0.7875,78.84
0.7802,0.8213,0.2053,0.1512,0.418,0.8655,52.65
0.0487,0.5765,0.6501,0.2116,0.619,0.6986,80.89
0.0021,0.6461,0.3287,0.5818,0.3416,0.3412,83.52
0.1462,0.8417,0.4636,0.7179,0.2808,0.7012,76.77
0.9698,0.3091,0.709,0.5794,0.6216,1.0,62.63
0.2269,0.2857,0.7457,0.727,0.9774,0.3753,83.38
0.6509,0.4687,0.8412,0.5345,0.0755,0.5539,80.4
0.2896,0.7339,0.7865,0.4439,0.7824,0.3584,70.45
0.1958,0.6143,0.8387,0.92,0.6701,1.0,91.33
0.4279,0.4207,0.4996,0.0584,0.1768,0.6817,78.42
0.125,0.7838,0.3121,0.0865,0.7003,0.5444,70.36
0.5474,0.4068,0.2519,0.7214,0.0599,0.371,72.66
0.4785,0.5471,0.8492,0.024,0.6292,0.688,72.02
0.4276,0.3353,0.2948,0.1984,0.4863,0.7442,73.34
0.1381,0.8187,0.5618,0.2845,0.5126,0.6296,76.18
0.9116,0.0838,0.4002,0.1522,0.3116,0.2698,65.74
0.4536,0.3367,0.8358,0.5698,0.5379,1.0,83.19
0.1485,0.2433,0.6881,0.2072,0.2597,0.5659,88.38
0.3801,0.6126,0.2888,0.4787,0.9644,0.9041,66.27
0.1033,0.6591,0.3412,0.683,0.4127,0.7726,84.93
0.2103,0.5238,0.2289,0.0984,0.2748,1.0,78.9
0.8145,0.8038,0.3146,0.428,0.2928,0.6452,57.6
0.8715,0.3688,0.7638,0.4879,0.9934,0.5396,53.98
0.3454,0.9622,0.8367,0.489,0.8344,0.8666,67.78
0.6136,0.9774,0.3821,0.4413,0.2935,0.6404,62.38
0.1647,0.8141,0.6044,0.7082,0.8305,0.2699,71.69
0.0058,0.4133,0.2907,0.5675,0.327,0.7393,91.48
0.3338,0.1099,0.7729,0.0542,0.4217,0.3658,80.72
0.4922,0.5973,0.362,0.3196,0.0218,0.6541,72.12
0.7776,0.2574,0.8141,0.8665,0.0729,0.7776,73.84
0.6567,0.901,0.3302,0.7874,0.2927,0.7023,65.24
0.5501,0.857,0.8544,0.6992,0.7299,0.2557,68.66
0.723,0.4636,0.8141,0.3736,0.864,0.517,58.37
0.6554,0.459,0.3425,0.6497,0.5297,0.3358,58.67
0.9468,0.985,0.3008,0.243,0.4447,0.9202,46.51
0.1561,0.0561,0.5972,0.7032,0.3167,0.908,95.24
0.7298,0.0118,0.338,0.6301,0.6709,1.0,75.25
0.7838,0.808,0.4984,0.0043,0.0674,0.3768,54.35
0.8217,0.841,0.8239,0.72,0.518,0.7114,56.15
0.2684,0.3877,0.3772,0.9647,0.5431,0.4375,80.66
0.4514,0.5763,0.2161,0.79,0.1664,1.0,72.31
0.5403,0.4055,0.7066,0.6381,0.6973,0.5994,75.02
0.2532,0.9174,0.8235,0.8767,0.5994,0.272,69.35
0.9854,0.9172,0.396,0.7152,0.052,1.0,54.84
0.7636,0.0936,0.5947,0.2151,0.0499,0.8487,78.13
0.89,0.0009,0.2758,0.3318,0.3915,0.6856,66.45
0.6909,0.7085,0.242,0.8778,0.2167,0.7303,58.98
0.5096,0.6389,0.7098,0.0357,0.2553,0.3125,66.65
0.0639,0.4057,0.8255,0.3399,0.6871,1.0,94.45
0.1909,0.6343,0.2721,0.5151,0.2172,0.5344,76.95
0.1971,0.6245,0.2084,0.9222,0.5163,0.5413,80.73
0.2818,0.11,0.7886,0.4508,0.2623,0.3336,89.39
0.8886,0.7903,0.6599,0.4048,0.6063,0.8861,53.59
0.6458,0.2042,0.6912,0.4359,0.1067,0.723,70.85
0.5174,0.4224,0.2596,0.5713,0.8266,0.6033,72.52
0.3562,0.7358,0.5649,0.664,0.1598,0.3102,76.26
0.8648,0.3328,0.8853,0.2074,0.1896,0.5768,62.57
0.5391,0.5881,0.4954,0.4397,0.15,0.5888,68.57
0.2475,0.6561,0.7393,0.5092,0.2823,0.6056,82.41
0.6595,0.0943,0.8338,0.7004,0.3352,0.2897,74.95
0.2677,0.4253,0.5836,0.6048,0.208,0.9969,83.9
0.7764,0.0065,0.7521,0.341,0.1576,1.0,80.84
0.43,0.5602,0.6531,0.255,0.0696,0.5901,80.25
0.7387,0.0612,0.424,0.8748,0.3706,0.5248,74.51
0.8038,0.4671,0.3333,0.9153,0.5352,0.7673,63.67
0.4719,0.886,0.7897,0.6389,0.7655,0.4551,68.2
0.9501,0.7934,0.5284,0.9199,0.9501,0.3563,41.67
0.8788,0.5013,0.2981,0.1283,0.7325,0.8481,55.52
0.7802,0.0615,0.5098,0.0829,0.0732,1.0,73.45
0.7163,0.2787,0.3354,0.6751,0.4889,1.0,72.88
0.6586,0.8488,0.6842,0.447,0.4697,0.9443,62.23
0.8342,0.7837,0.8323,0.9347,0.6779,0.784,56.1
0.7098,0.4345,0.7403,0.4026,0.4553,0.5213,66.87
0.6073,0.7234,0.4643,0.8547,0.1948,0.9641,73.47
0.3666,0.1615,0.7769,0.2815,0.1384,0.8683,89.37
0.6822,0.3645,0.7462,0.6241,0.9572,0.4171,67.17
0.7602,0.2439,0.6366,0.0133,0.0213,0.8855,68.5
0.4782,0.2432,0.235,0.114,0.4928,0.8372,79.01
0.3288,0.7452,0.2673,0.0692,0.7088,1.0,73.25
0.4191,0.0307,0.2229,0.4013,0.5605,0.908,78.93
0.9097,0.5979,0.8045,0.9185,0.2033,0.5421,56.49
0.5076,0.7137,0.4507,0.8944,0.6001,0.3488,61.86
0.0913,0.2521,0.3697,0.8962,0.5054,0.6287,89.48
0.6336,0.8531,0.6751,0.2401,0.1558,1.0,73.65
0.4949,0.1387,0.6602,0.4233,0.1463,0.7252,88.56
0.3104,0.5387,0.3847,0.889,0.9016,1.0,75.87
0.0026,0.8108,0.6824,0.7346,0.6578,0.2691,81.1
0.3911,0.0496,0.4129,0.7463,0.7899,0.543,77.95
0.3379,0.2085,0.3003,0.8774,0.4006,0.8474,82.92
0.7296,0.8791,0.6873,0.1981,0.2345,1.0,64.57
0.3814,0.7128,0.7828,0.2008,0.0129,1.0,73.69
0.0569,0.0377,0.2367,0.8208,0.5886,0.3105,90.12
0.0036,0.9405,0.7975,0.5317,0.0449,0.7328,87.72
0.9824,0.2306,0.6893,0.2787,0.3351,1.0,63.08
0.6829,0.6216,0.3611,0.9235,0.7063,0.8306,61.78
0.4172,0.0885,0.7392,0.3939,0.5338,0.8391,79.97
0.1403,0.1371,0.6446,0.5199,0.3488,1.0,96.19
0.761,0.3031,0.5212,0.6974,0.2564,0.6698,72.08
0.7178,0.0737,0.7797,0.9979,0.0363,0.5698,80.52
0.5485,0.2121,0.7458,0.2445,0.862,0.6466,77.22
0.6187,0.2902,0.2977,0.5577,0.9874,0.9347,66.14
0.1399,0.4222,0.3629,0.9987,0.7334,0.5763,88.79
0.4055,0.4858,0.5353,0.8668,0.5091,0.6888,78.09
0.8697,0.1253,0.5715,0.8105,0.2167,1.0,69.75
0.6648,0.3575,0.2614,0.6547,0.8791,0.9671,67.68
0.1615,0.9243,0.3203,0.1589,0.4251,0.6487,67.07
0.0112,0.6992,0.3363,0.6436,0.0856,0.6122,85.99
0.817,0.169,0.5852,0.6408,0.676,0.9046,69.02
0.2914,0.5837,0.7659,0.5656,0.1062,0.5465,82.11
0.6225,0.4803,0.3066,0.3227,0.6033,0.7047,63.01
0.188,0.557,0.8717,0.5322,0.3171,1.0,92.75
0.9185,0.9412,0.4036,0.7732,0.1094,1.0,51.44
0.5827,0.5717,0.8674,0.1391,0.9573,1.0,70.12
0.8674,0.3509,0.265,0.5329,0.0803,0.3546,63.76
0.0394,0.873,0.4527,0.0436,0.7184,0.4183,72.98
0.2698,0.704,0.3267,0.9479,0.5612,1.0,76.04
0.0498,0.2329,0.2117,0.1413,0.1962,0.3632,90.47
0.7311,0.1499,0.6435,0.0638,0.5072,1.0,74.46
0.5716,0.969,0.4811,0.6431,0.3446,1.0,64.42
0.1621,0.851,0.4857,0.2108,0.1191,0.7641,73.7
0.0136,0.9522,0.6473,0.0198,0.1361,0.4899,84.03
0.1728,0.3849,0.6974,0.1389,0.7017,0.7764,82.31
0.7926,0.6351,0.8959,0.6973,0.3266,1.0,69.95
0.6904,0.8068,0.7338,0.3051,0.946,1.0,56.93
0.777,0.496,0.2348,0.3804,0.9032,0.9732,59.97
0.3619,0.3039,0.8578,0.2189,0.3303,0.3101,78.44
0.549,0.5365,0.7759,0.3539,0.874,0.4321,68.21
0.7475,0.2677,0.3388,0.2967,0.7414,0.4596,63.7
0.547,0.429,0.312,0.4165,0.4945,0.648,67.67
0.3916,0.2997,0.4192,0.1543,0.8607,0.9938,72.72
0.0046,0.5079,0.6263,0.2437,0.7731,0.8462,88.37
0.7715,0.6101,0.3529,0.8291,0.2518,0.4735,63.39
0.5971,0.3372,0.5749,0.356,0.7632,0.9746,71.09
0.3191,0.0596,0.8962,0.0319,0.1749,0.4967,84.59
0.0082,0.4579,0.3963,0.9178,0.7582,0.9453,91.71
0.5671,0.6969,0.5128,0.9147,0.49,0.3801,67.6
0.6349,0.9221,0.6669,0.9695,0.0048,0.7654,66.48
0.0286,0.4217,0.4346,0.9928,0.1099,0.2852,94.4
0.0049,0.9925,0.2162,0.185,0.5623,0.5357,76.29
0.3434,0.8847,0.2975,0.464,0.2648,0.8768,69.45
0.2238,0.4915,0.8009,0.7584,0.1881,0.981,88.55
0.7249,0.1006,0.2996,0.6568,0.5761,0.5019,70.37
0.1847,0.4607,0.3849,0.5514,0.8405,0.5986,76.77
0.1832,0.6678,0.2777,0.0511,0.3635,0.4548,75.68
0.3501,0.2926,0.8682,0.2595,0.7566,1.0,88.27
0.7982,0.8238,0.6381,0.5846,0.3242,0.3219,51.43
0.344,0.3575,0.7291,0.2199,0.4538,0.2786,71.94
0.7649,0.1357,0.3305,0.8452,0.4157,0.4331,65.42
0.9977,0.1404,0.2608,0.3175,0.4756,1.0,61.71
0.7191,0.7625,0.723,0.7611,0.2573,0.343,61.32
0.2575,0.1185,0.883,0.655,0.3923,0.2629,88.96
0.6214,0.0592,0.5997,0.0838,0.8323,0.4705,71.13
0.6185,0.336,0.2516,0.7447,0.941,0.5349,62.5
0.0325,0.3299,0.6309,0.5902,0.1428,1.0,100
0.4188,0.2276,0.7627,0.9476,0.9523,0.4474,76.72
0.7816,0.8278,0.5717,0.5561,0.9573,0.5329,47.27
0.6576,0.6502,0.24,0.3693,0.8159,0.6173,62.47
0.3663,0.859,0.3013,0.1757,0.7224,0.3481,60.78
0.7671,0.4416,0.5266,0.6064,0.0639,0.9085,72.76
0.2928,0.0243,0.3997,0.2588,0.8953,0.7279,82.07
0.2487,0.8829,0.4608,0.9154,0.0846,0.285,70.25
0.6532,0.1568,0.8869,0.4838,0.1187,0.839,79.73
0.6833,0.1147,0.6712,0.4677,0.1265,1.0,82.6
0.9599,0.8089,0.8368,0.2136,0.1617,0.3522,47.09
0.0834,0.0536,0.5524,0.2286,0.6186,0.3937,92.89
0.5937,0.2462,0.597,0.0755,0.3223,0.4497,66.62
0.1139,0.0269,0.2958,0.5138,0.4512,0.2509,90.68
0.6435,0.3463,0.6164,0.6188,0.729,0.5921,69.47
0.3178,0.0104,0.8917,0.0059,0.7761,0.5958,88.34
0.8069,0.244,0.5461,0.6129,0.8871,0.9327,64.75
0.0553,0.5944,0.5521,0.4526,0.3966,0.4679,87.1
0.7791,0.2722,0.6232,0.7188,0.2057,0.6241,68.79
0.2976,0.0688,0.6977,0.1462,0.7888,0.7466,81.37
0.0963,0.0755,0.3705,0.5495,0.1322,0.4081,98.55
0.1001,0.2446,0.4627,0.1006,0.3105,0.3865,88.84
0.0985,0.5354,0.5828,0.3617,0.236,0.2789,81.93
0.7312,0.8815,0.6705,0.523,0.7237,0.8341,56.37
0.2223,0.8411,0.3663,0.5653,0.6676,0.3288,72.35
0.2455,0.3804,0.2088,0.7491,0.5925,0.5307,77.85
0.4861,0.4821,0.2323,0.0231,0.1294,0.4856,67.57
0.9665,0.9133,0.5197,0.4337,0.269,0.5848,42.68
0.7943,0.7945,0.6699,0.8379,0.3206,0.4153,54.4
0.0809,0.1101,0.7468,0.7535,0.6222,0.982,100
0.3039,0.2595,0.4544,0.6055,0.1418,0.6125,82.56
0.6,0.4535,0.549,0.2363,0.4461,0.8773,74.79
0.1163,0.7552,0.5507,0.4153,0.1414,0.6402,79.78
0.1345,0.4017,0.7804,0.9237,0.4406,0.4505,88.22
0.0253,0.3635,0.3452,0.0984,0.5445,1.0,86.99
0.9928,0.1659,0.2979,0.6874,0.9276,0.948,58.86
0.2887,0.3808,0.2482,0.2971,0.391,0.5995,75.89
0.2184,0.2969,0.676,0.0716,0.4571,0.9642,87.67
0.6842,0.1741,0.6697,0.3746,0.2955,0.4579,65.08
0.7371,0.2072,0.8462,0.2619,0.0272,0.4794,68.03
0.3132,0.5386,0.5958,0.5932,0.9024,1.0,78.76
0.7794,0.2313,0.2198,0.5413,0.4864,0.8031,69.25
0.6407,0.4016,0.3589,0.8429,0.7655,0.7786,70.55
0.7795,0.7069,0.8636,0.1136,0.6438,0.6923,64.89
0.0577,0.3298,0.3561,0.0644,0.9078,0.2957,80.17
0.579,0.082,0.5162,0.1283,0.1569,0.6898,73.6
0.5186,0.0204,0.5755,0.4464,0.5834,1.0,81.95
0.8274,0.3347,0.5137,0.6128,0.7901,0.9166,64.14
0.6562,0.8326,0.5339,0.2849,0.6143,0.8223,60.48
0.8682,0.1065,0.287,0.2792,0.8537,0.9747,63.34
0.9878,0.3559,0.7164,0.5529,0.5345,0.3435,64.03
0.4327,0.4925,0.6423,0.6847,0.9576,0.8977,71.5
0.4064,0.2433,0.8952,0.2001,0.0941,0.7967,89.33
0.3524,0.818,0.7214,0.7533,0.1034,0.797,77.5
0.6088,0.2179,0.8397,0.5071,0.0887,1.0,83.97
0.7105,0.6483,0.8209,0.0536,0.5304,1.0,70.1
0.6977,0.1138,0.345,0.8233,0.4996,0.6405,70.06
0.6833,0.1717,0.4723,0.8025,0.6911,0.6365,71.03
0.1205,0.8376,0.2538,0.6139,0.5269,0.4954,80.05
0.3105,0.6021,0.2394,0.4762,0.1633,0.5775,76.51
0.2959,0.5159,0.433,0.2249,0.6948,1.0,78.16
0.5977,0.586,0.731,0.1237,0.4818,0.5052,63.49
0.7325,0.6038,0.3079,0.9108,0.7772,1.0,66.0
0.0697,0.6002,0.7178,0.3227,0.8806,0.3112,83.16
0.7391,0.9815,0.8641,0.2541,0.4935,0.6359,58.56
0.8189,0.9915,0.6947,0.4058,0.0373,0.8882,63.63
0.3952,0.5714,0.3828,0.2582,0.8248,0.9131,68.09
0.0938,0.3896,0.7432,0.6031,0.0087,0.9575,96.07
0.4703,0.3999,0.663,0.3377,0.9579,0.2923,64.58
0.3059,0.8819,0.6055,0.4648,0.6296,1.0,70.59
0.0321,0.9853,0.6279,0.8662,0.7026,0.6725,75.39
0.3286,0.9457,0.848,0.4185,0.5082,0.311,63.8
0.2062,0.963,0.5293,0.9343,0.4528,0.6884,77.62
0.2264,0.2937,0.2078,0.9199,0.3056,0.8463,89.79
0.6463,0.735,0.8616,0.0941,0.6167,1.0,65.99
0.8094,0.4118,0.8387,0.1848,0.2347,0.5366,63.33
0.9018,0.0941,0.581,0.6488,0.31,0.4961,64.78
0.8726,0.2708,0.6686,0.6682,0.1573,0.5062,74.54
0.8085,0.7539,0.2051,0.6009,0.4392,0.5718,53.77
0.6683,0.5148,0.6602,0.9799,0.4165,0.5011,67.69
0.6127,0.576,0.2721,0.495,0.1924,0.7442,64.93
0.4675,0.3199,0.7816,0.1342,0.8388,1.0,70.85
0.6844,0.6236,0.556,0.8247,0.3855,0.3198,66.99
0.0272,0.1996,0.4683,0.6165,0.1812,0.7797,94.59
0.9901,0.0352,0.8698,0.2419,0.3822,0.5998,60.18
0.4234,0.1733,0.3175,0.347,0.2317,0.6017,76.07
0.5687,0.0929,0.2458,0.8227,0.7824,0.4259,69.43
0.793,0.7834,0.4139,0.2804,0.6309,0.3864,45.05
0.0022,0.4246,0.3244,0.7447,0.2702,0.4254,91.19
0.5388,0.2301,0.3667,0.2087,0.3709,1.0,72.06
0.7376,0.3812,0.8318,0.2544,0.0373,0.6484,73.01
0.1757,0.2491,0.5934,0.3837,0.6202,0.3724,79.62
0.3298,0.0208,0.3883,0.34,0.8329,0.7795,78.54
0.8526,0.6336,0.8552,0.807,0.9887,0.808,65.27
0.8791,0.9212,0.7905,0.8656,0.2487,0.6413,61.21
0.4219,0.3268,0.4259,0.0961,0.8619,0.6211,68.06
0.0448,0.4579,0.7618,0.523,0.0045,0.9485,97.87
0.1364,0.5087,0.5187,0.9346,0.986,0.9279,81.84
0.6105,0.402,0.4641,0.9629,0.4297,0.79,71.16
0.0164,0.7008,0.5203,0.8534,0.6425,1.0,86.25
0.8665,0.4332,0.236,0.8463,0.6212,1.0,67.37
0.2149,0.5236,0.7573,0.9511,0.9323,0.6607,85.91
0.3367,0.4804,0.4509,0.4321,0.3258,0.8482,83.75
0.4224,0.02,0.2671,0.4914,0.2925,0.7661,85.97
0.7232,0.1807,0.3989,0.2075,0.9656,0.8098,62.81
0.5171,0.0186,0.8835,0.9264,0.3242,1.0,87.94
0.6457,0.7815,0.486,0.7074,0.791,0.4602,57.01
0.8248,0.7494,0.385,0.1779,0.561,0.3161,49.69
0.8314,0.5371,0.3175,0.3311,0.4457,0.5256,57.18
0.0557,0.8622,0.8015,0.5389,0.8713,1.0,82.87
0.4278,0.1724,0.4635,0.8309,0.5142,0.9738,80.55
0.2494,0.6468,0.6011,0.7587,0.4072,0.7627,77.3
0.0518,0.3854,0.4262,0.3508,0.0189,1.0,95.55
0.7641,0.4393,0.6047,0.6011,0.0841,0.9893,70.93
0.6485,0.0015,0.4058,0.9207,0.8597,0.3851,75.32
0.4597,0.5242,0.7313,0.0488,0.2162,0.5503,70.19
0.1467,0.9454,0.7232,0.2156,0.304,0.5078,74.3
0.5087,0.5977,0.723,0.7187,0.2326,0.7424,73.47
0.6743,0.1505,0.3556,0.4397,0.4217,0.687,74.81
0.4485,0.2198,0.2868,0.4465,0.2799,0.5776,71.97
0.4616,0.428,0.6726,0.8902,0.3881,1.0,78.91
0.0411,0.6143,0.8366,0.9148,0.6055,0.9959,93.23
0.265,0.4958,0.7414,0.3743,0.2726,0.5129,82.18
0.5024,0.3343,0.6112,0.8484,0.4461,0.6714,80.34
0.2537,0.8258,0.2192,0.7532,0.24,0.6069,70.51
0.025,0.8721,0.2158,0.8666,0.4213,0.5751,81.05
0.3081,0.4452,0.3398,0.0883,0.3171,0.6819,78.44
0.0594,0.5884,0.7521,0.6433,0.0465,1.0,99.53
0.7385,0.7963,0.4608,0.3571,0.5062,0.472,53.76
0.2442,0.9832,0.7603,0.6547,0.4227,0.4755,75.36
0.9538,0.9138,0.8054,0.1301,0.4116,1.0,47.23
0.6711,0.0135,0.8706,0.2602,0.0289,1.0,79.12
0.7369,0.0701,0.7149,0.8149,0.5849,0.9407,74.85
0.0787,0.6894,0.6185,0.5677,0.7356,1.0,86.99
0.9936,0.0868,0.2713,0.8867,0.5024,0.9365,57.57
0.4018,0.0765,0.7111,0.4704,0.4251,0.3353,85.37
0.6428,0.6479,0.5578,0.6689,0.2807,0.6731,63.98
0.6509,0.782,0.4684,0.8854,0.7082,0.2645,55.62
0.3729,0.1332,0.4829,0.978,0.5862,0.2654,80.73
0.7183,0.7014,0.6842,0.0036,0.1805,0.8957,62.54
0.4964,0.9083,0.7988,0.3155,0.8382,0.8737,62.06
0.9146,0.0671,0.2384,0.0672,0.8757,0.7376,56.07
0.3761,0.3083,0.4153,0.8676,0.2132,0.7915,86.57
0.7406,0.3396,0.3828,0.2992,0.3024,0.3675,64.9
0.188,0.6057,0.3974,0.0167,0.8972,1.0,78.59
0.7831,0.4809,0.358,0.3573,0.0821,1.0,69.84
0.682,0.7548,0.4844,0.3101,0.8671,0.7055,55.48
0.9694,0.9187,0.2534,0.6743,0.0087,0.5757,50.06
0.3739,0.2675,0.8613,0.4184,0.3183,0.9968,83.4
0.9357,0.7758,0.4553,0.1678,0.1189,0.7545,58.19
0.3279,0.8768,0.7647,0.0579,0.5773,0.5283,72.56
0.076,0.1708,0.8986,0.9792,0.3303,0.9903,99.59
0.8395,0.973,0.2774,0.4607,0.7579,0.413,36.51
0.0971,0.2203,0.5727,0.9546,0.0917,1.0,98.26
0.7654,0.7323,0.8949,0.9605,0.065,0.4867,63.94
0.7036,0.982,0.3211,0.9147,0.1028,0.8076,60.69
0.37,0.4633,0.7888,0.9781,0.847,1.0,81.66
0.0633,0.3144,0.5305,0.1932,0.0907,0.3299,88.3
0.7237,0.0881,0.3746,0.3323,0.6411,0.5822,72.15
0.3207,0.039,0.2412,0.3073,0.0103,0.6542,81.08
0.088,0.7122,0.8256,0.6166,0.888,0.6233,79.98
0.7681,0.3198,0.4847,0.8394,0.4322,0.9369,68.13
0.3054,0.988,0.4125,0.7831,0.742,0.4184,63.61
0.9388,0.8577,0.6186,0.3412,0.0551,0.5312,50.79
0.082,0.6181,0.7136,0.103,0.4194,0.3459,80.83
0.6407,0.69,0.2653,0.0589,0.7538,1.0,55.92
0.7023,0.5264,0.2927,0.6642,0.134,0.9284,66.13
0.8242,0.9251,0.3064,0.0837,0.8106,0.5762,45.19
0.638,0.1705,0.7475,0.8357,0.5685,0.5997,78.4
0.6314,0.4966,0.7597,0.7084,0.7458,0.2602,68.15
0.5687,0.1392,0.7598,0.6334,0.937,0.8308,72.16
0.5513,0.4559,0.6924,0.1579,0.0305,1.0,77.3
0.661,0.9129,0.3871,0.3396,0.4933,0.3681,54.47
0.9393,0.1447,0.4448,0.2952,0.1863,0.9075,62.32
0.0447,0.6769,0.5582,0.9255,0.6425,0.8976,89.7
0.516,0.0159,0.4661,0.288,0.0287,0.9754,88.69
0.8318,0.2621,0.493,0.3586,0.3004,0.6873,60.3
0.6926,0.607,0.4387,0.718,0.0233,1.0,71.05
0.6346,0.9721,0.6091,0.3305,0.3921,0.8805,60.38
0.3889,0.627,0.4481,0.8053,0.2206,0.7623,77.97
0.5308,0.9267,0.51,0.8801,0.3476,0.8892,70.23
0.8296,0.0741,0.4725,0.959,0.4167,0.3673,66.42
0.9275,0.8433,0.2161,0.0882,0.0977,0.9163,50.85
0.9221,0.482,0.6124,0.6654,0.4472,1.0,64.72
0.7537,0.6154,0.35,0.0167,0.3293,0.9466,59.1
0.5211,0.7976,0.7357,0.7299,0.5601,1.0,64.47
0.5695,0.308,0.6124,0.7535,0.2596,0.9915,78.76
0.2334,0.4405,0.5926,0.5885,0.8827,1.0,75.36
0.4088,0.2151,0.2394,0.5644,0.7287,0.3656,73.27
0.8078,0.2558,0.5574,0.5171,0.8147,0.7347,60.66
0.7702,0.8347,0.4322,0.6888,0.1492,1.0,57.94
0.6624,0.6635,0.8108,0.1589,0.9062,0.9072,65.73
0.9011,0.7601,0.2775,0.2183,0.2455,0.4422,45.4
0.3428,0.5352,0.4086,0.9421,0.4224,1.0,82.1
0.6391,0.5024,0.6276,0.3992,0.3239,0.7557,66.95
0.2807,0.3255,0.6024,0.3347,0.0793,0.5776,85.65
0.2007,0.9376,0.4257,0.3446,0.7873,0.5523,63.62
0.7,0.4885,0.5762,0.4574,0.2764,1.0,64.65
0.0644,0.6361,0.8795,0.3858,0.8873,1.0,84.26
0.1203,0.7482,0.2825,0.6171,0.493,0.4857,77.83
0.224,0.6131,0.4489,0.3183,0.7675,0.9638,71.79
0.6114,0.4406,0.6192,0.2376,0.7226,1.0,71.85
0.0498,0.9554,0.4457,0.5043,0.1837,1.0,81.1
0.0376,0.7586,0.4291,0.4754,0.6393,0.4082,79.52
0.2808,0.1263,0.3965,0.5415,0.7451,0.5299,81.65
0.3816,0.5533,0.5974,0.5199,0.254,0.8503,77.37
0.0493,0.0828,0.6436,0.5062,0.0336,0.2574,99.25
0.5535,0.072,0.798,0.8705,0.4386,0.4718,88.09
0.7946,0.527,0.4802,0.7469,0.1043,0.5671,63.67
0.0158,0.245,0.308,0.393,0.6151,0.651,92.99
0.8558,0.9314,0.7773,0.4029,0.7005,0.7045,53.81
0.2062,0.9252,0.7968,0.2989,0.5734,0.3482,72.74
0.6909,0.7106,0.7747,0.349,0.4444,0.8243,61.92
0.3644,0.0426,0.8868,0.8795,0.9493,1.0,85.13
0.7227,0.8498,0.6543,0.6564,0.5571,1.0,59.55
0.8748,0.549,0.2625,0.1587,0.1824,0.4882,51.34
0.9424,0.3708,0.5344,0.512,0.2886,0.6125,56.22
0.8322,0.8312,0.7811,0.0822,0.7813,0.7657,53.72
0.5695,0.1001,0.5534,0.4561,0.3746,0.3128,71.27
0.2989,0.7935,0.6228,0.1652,0.206,0.342,69.79
0.9177,0.6199,0.3245,0.7593,0.76,0.7242,49.51
0.4759,0.44,0.5041,0.3792,0.3192,1.0,73.45
0.4814,0.3616,0.4121,0.6128,0.6486,0.8993,73.46
0.984,0.4319,0.5295,0.4926,0.3363,0.6263,55.04
0.5637,0.9507,0.7081,0.8301,0.2656,0.8115,69.63
0.9466,0.6939,0.4089,0.1126,0.2105,0.7943,50.23
0.4666,0.9941,0.6648,0.1098,0.9497,0.8398,54.33
0.7665,0.6146,0.384,0.6632,0.8186,0.8543,59.71
0.6942,0.4838,0.3211,0.9426,0.4683,0.7088,64.73
0.3426,0.6482,0.7119,0.4878,0.0952,0.7395,80.57
0.8755,0.3741,0.3498,0.6652,0.1516,1.0,57.86
0.3495,0.0177,0.7427,0.7499,0.7858,1.0,88.53
0.486,0.5978,0.783,0.3621,0.5016,0.8492,72.03
0.8979,0.5309,0.8364,0.6281,0.1176,0.4273,62.94
0.1676,0.2134,0.7152,0.7871,0.6381,0.657,90.06
0.2516,0.8069,0.898,0.4446,0.7163,0.4833,77.58
0.9791,0.6694,0.5424,0.8094,0.8205,0.4751,48.08
0.7136,0.5719,0.8963,0.5182,0.2168,1.0,75.1
0.3729,0.7666,0.226,0.4615,0.191,1.0,73.63
0.3479,0.6778,0.6613,0.0393,0.1049,0.9372,78.45
0.9401,0.46,0.7534,0.2697,0.0334,0.7477,61.92
0.529,0.3138,0.2685,0.9039,0.1561,0.9368,76.87
0.3652,0.8104,0.3654,0.5497,0.7915,0.7866,63.13
0.3529,0.1979,0.4999,0.9999,0.368,0.8677,89.21
0.356,0.5272,0.4853,0.489,0.4545,0.3718,71.32
0.0854,0.2136,0.7606,0.8203,0.7533,0.8111,94.34
0.0744,0.1896,0.6225,0.9108,0.3099,0.7015,96.0
0.4322,0.8511,0.846,0.3136,0.7123,0.9166,73.37
0.414,0.7686,0.8191,0.9507,0.268,1.0,80.64
0.9734,0.6676,0.6649,0.9142,0.6735,0.4593,56.92
0.3642,0.6289,0.7904,0.5607,0.1534,1.0,74.07
0.3427,0.9486,0.6686,0.2373,0.7295,0.9923,68.31
0.946,0.7075,0.7599,0.1415,0.5066,0.95,49.12
0.1037,0.8102,0.6706,0.9569,0.7968,0.4024,83.01
0.2639,0.6577,0.4256,0.1591,0.3776,1.0,73.09
0.5466,0.806,0.3027,0.3331,0.6187,0.5306,56.02
0.9767,0.7588,0.5161,0.2641,0.6291,0.5961,45.41
0.3748,0.819,0.3961,0.9245,0.1094,0.3394,72.43
0.7725,0.5323,0.795,0.9051,0.3426,0.446,67.32
0.9664,0.6871,0.3011,0.2061,0.8255,0.8398,45.67
0.1003,0.5931,0.5112,0.9512,0.4288,0.5258,89.49
0.2795,0.4967,0.2562,0.382,0.1346,0.2756,78.94
0.0745,0.6619,0.3707,0.2429,0.267,0.3047,80.95
0.169,0.2071,0.4724,0.1956,0.5082,1.0,90.68
0.3949,0.2911,0.8356,0.0462,0.573,1.0,80.54
0.1084,0.5435,0.7428,0.3772,0.7405,0.5921,80.54
0.4832,0.6542,0.6823,0.0657,0.416,1.0,70.95
0.5456,0.8456,0.4763,0.0493,0.2998,0.7093,62.28
0.8139,0.2224,0.3583,0.8271,0.1618,1.0,68.47
0.2567,0.4294,0.409,0.5888,0.0833,0.2839,76.66
0.7179,0.6847,0.3615,0.6817,0.3869,1.0,64.22
0.9653,0.7193,0.7255,0.6452,0.2295,0.3698,49.7
0.8144,0.998,0.6936,0.5962,0.6827,0.3631,54.33
0.5587,0.0998,0.478,0.5448,0.5796,0.6758,79.24
0.0108,0.2773,0.2825,0.3321,0.2466,0.7985,91.02
0.1385,0.8746,0.8668,0.4015,0.0034,0.4097,79.28
0.4234,0.735,0.7297,0.5504,0.51,0.5863,71.07
0.8648,0.9281,0.3623,0.7727,0.3681,0.4616,49.83
0.5035,0.298,0.6777,0.6216,0.0827,0.6242,74.71
0.3263,0.0845,0.418,0.9183,0.3774,0.4495,88.22
0.6903,0.3452,0.2182,0.1629,0.0815,0.2932,64.09
0.9109,0.2445,0.2607,0.3304,0.5132,0.8319,58.83
0.7065,0.5663,0.2084,0.2205,0.808,1.0,55.32
0.4929,0.857,0.6895,0.1922,0.3454,0.7086,67.37
0.9076,0.8933,0.4124,0.1296,0.9101,0.8904,46.31
0.3922,0.5409,0.3623,0.6346,0.5553,0.544,72.2
0.2391,0.3852,0.3812,0.7561,0.4535,1.0,80.09
0.4356,0.0606,0.4714,0.2244,0.3246,1.0,86.37
0.8428,0.9312,0.7593,0.455,0.635,1.0,57.02
0.4724,0.2363,0.3594,0.177,0.5801,0.6352,70.08
0.8287,0.7253,0.4333,0.7549,0.4999,1.0,61.33
0.7795,0.3022,0.3966,0.5333,0.0432,0.5282,67.09
0.8732,0.4388,0.7614,0.8437,0.5414,1.0,61.68
0.8451,0.1622,0.236,0.5944,0.8487,1.0,67.57
0.3599,0.5797,0.8228,0.8027,0.4136,0.3576,80.3
0.9932,0.4727,0.4147,0.4496,0.2899,0.9312,59.47
0.4183,0.4613,0.5582,0.7902,0.1517,0.6051,77.06
0.3379,0.9433,0.6762,0.7582,0.58,0.8081,70.52
0.2578,0.6853,0.5699,0.3489,0.4169,1.0,76.48
0.5975,0.9222,0.8677,0.7178,0.4077,0.4503,66.01
0.1322,0.4098,0.5835,0.0338,0.7675,0.656,79.2
0.5961,0.4684,0.7298,0.2051,0.565,1.0,72.78
0.1443,0.2228,0.5279,0.1837,0.7454,0.9456,84.1
0.0854,0.9464,0.7315,0.9884,0.1232,0.7577,86.96
0.4194,0.1874,0.7551,0.4069,0.9668,0.8487,81.2
0.2318,0.6844,0.7434,0.0519,0.1431,0.8154,83.02
0.9291,0.2522,0.4654,0.7875,0.8144,1.0,66.26
0.3778,0.9849,0.381,0.2266,0.9171,0.6156,53.23
0.3438,0.1305,0.4387,0.5377,0.3918,0.9637,85.95
0.5058,0.2424,0.7008,0.0486,0.7855,1.0,75.65
0.2649,0.5311,0.7796,0.3363,0.5317,0.9649,82.28
0.9618,0.6318,0.7353,0.5203,0.0098,0.4028,58.0
0.3501,0.311,0.3002,0.8022,0.324,1.0,75.92
0.9706,0.3652,0.7605,0.4797,0.8596,1.0,64.93
0.5506,0.6375,0.5126,0.3969,0.6787,0.2885,60.68
0.1688,0.2491,0.2526,0.4805,0.902,0.3353,72.25
0.9688,0.9036,0.5921,0.9645,0.9225,1.0,50.09
0.5399,0.472,0.5671,0.484,0.9197,0.7261,63.85
0.203,0.7976,0.2534,0.8014,0.8056,0.7701,73.74
0.8174,0.4739,0.6666,0.3923,0.3004,0.6415,61.5
0.2345,0.7602,0.5793,0.5066,0.471,0.2678,74.06
0.5271,0.3122,0.6793,0.1501,0.0212,0.8743,80.09
0.7306,0.6561,0.2025,0.7232,0.4891,0.5228,58.27
0.2754,0.4983,0.2962,0.8649,0.0682,1.0,84.77
0.2691,0.4151,0.8121,0.3195,0.7397,0.9649,81.92
0.6805,0.4473,0.393,0.8252,0.2298,0.9112,73.15
0.0554,0.5346,0.7369,0.2924,0.5429,1.0,90.04
0.9676,0.5077,0.5454,0.9021,0.6888,0.4482,54.48
0.5349,0.6443,0.4984,0.7956,0.8644,0.5576,66.62
0.1346,0.4854,0.3875,0.6637,0.3422,0.8951,86.96
0.621,0.4603,0.267,0.0443,0.1069,0.6463,61.77
0.4834,0.1322,0.6322,0.3504,0.5715,0.2924,72.59
0.8484,0.1547,0.7067,0.3528,0.2383,0.8963,74.53
0.0038,0.2687,0.6532,0.1977,0.4766,0.5621,92.08
0.1615,0.9095,0.4406,0.9647,0.6316,0.591,74.38
0.4294,0.211,0.6231,0.4436,0.2824,0.4011,81.54
0.0194,0.7876,0.434,0.9363,0.3027,1.0,95.87
0.9147,0.299,0.7675,0.8267,0.5828,0.3952,62.07
0.1303,0.6013,0.562,0.5454,0.6931,0.413,75.29
0.9678,0.9149,0.7093,0.2356,0.924,0.6481,37.82
0.7894,0.48,0.8173,0.2579,0.1913,0.5302,63.06
0.3043,0.8967,0.5632,0.1648,0.9745,0.595,62.84
0.4766,0.3376,0.4843,0.711,0.3074,1.0,83.4
0.8349,0.6134,0.5999,0.7629,0.2264,1.0,61.29
0.6473,0.6407,0.2878,0.4709,0.8641,1.0,57.49
0.5676,0.0095,0.2461,0.699,0.4829,0.6881,74.12
0.1274,0.879,0.4839,0.6945,0.969,1.0,78.16
0.1538,0.0331,0.4888,0.5996,0.0531,0.9471,100
0.7178,0.2684,0.7811,0.9745,0.9124,0.8722,73.2
0.9442,0.1136,0.5221,0.8196,0.396,1.0,70.62
0.2586,0.96,0.4298,0.5716,0.788,1.0,68.18
0.1259,0.6104,0.3559,0.9789,0.6108,1.0,82.23
0.2729,0.8011,0.3145,0.5752,0.6374,1.0,77.56
0.323,0.4173,0.4908,0.6935,0.7875,0.9808,79.27
0.0824,0.3529,0.8041,0.0199,0.1688,0.6453,96.22
0.465,0.7794,0.4819,0.0106,0.7197,0.3813,57.73
0.5628,0.5746,0.6922,0.6362,0.4323,1.0,68.46
0.6449,0.3011,0.5161,0.4889,0.842,0.8969,72.77
0.3181,0.6587,0.2367,0.9211,0.176,0.4779,72.25
0.1436,0.7053,0.2428,0.4329,0.9504,0.9938,77.85
0.2676,0.5709,0.6354,0.3058,0.2312,0.7767,79.4
0.8537,0.7393,0.6703,0.8651,0.7912,0.8815,55.82
0.1745,0.4688,0.6857,0.3344,0.1981,1.0,90.09
0.2213,0.0197,0.537,0.2772,0.2486,1.0,93.41
0.6792,0.0505,0.89,0.4231,0.1015,0.4138,77.82
0.2535,0.6335,0.5771,0.1909,0.8189,0.3942,75.07
0.2417,0.3468,0.4269,0.0726,0.0482,0.4778,83.58
0.0283,0.7087,0.4559,0.3565,0.5343,0.7071,83.55
0.804,0.956,0.3867,0.9977,0.0523,0.3892,58.67
0.6751,0.9463,0.4753,0.0712,0.5937,0.3932,47.57
0.813,0.8559,0.2921,0.2326,0.8008,0.2826,40.76
0.5864,0.8445,0.7756,0.7328,0.8859,1.0,65.23
0.3493,0.7429,0.7105,0.3101,0.961,1.0,75.98
0.8745,0.1101,0.6844,0.8583,0.3141,0.7048,70.78
0.1213,0.9318,0.5026,0.2306,0.9588,0.8292,73.9
0.246,0.8399,0.5014,0.745,0.1341,1.0,82.04
0.6714,0.8726,0.66,0.8918,0.7161,0.4677,62.26
0.0008,0.4358,0.2512,0.0415,0.1538,0.5382,91.54
0.5624,0.3854,0.7661,0.6676,0.42,0.6583,77.35
0.6858,0.6927,0.4957,0.9129,0.5052,0.9331,63.3
0.5929,0.1093,0.2551,0.2845,0.7543,0.9217,75.23
0.5999,0.4856,0.5594,0.5008,0.0982,0.7944,69.01
0.0383,0.7992,0.8271,0.6564,0.3859,0.4728,81.89
0.5083,0.7077,0.7137,0.0886,0.8173,0.5738,63.25
0.4205,0.5959,0.8951,0.6277,0.6608,0.6,80.02
0.5363,0.1603,0.535,0.524,0.012,1.0,83.68
0.7145,0.1566,0.2012,0.6383,0.554,0.8671,71.9
0.1543,0.1932,0.3475,0.42,0.0177,0.7228,91.09
0.7272,0.7119,0.2201,0.5335,0.0497,0.617,53.88
0.7602,0.584,0.8921,0.3712,0.6415,0.5678,64.07
0.2841,0.5486,0.4882,0.8917,0.2602,0.6907,75.25
0.3789,0.5151,0.4925,0.3726,0.8684,0.5595,67.92
0.4914,0.101,0.4975,0.3543,0.0454,0.8631,85.64
0.2072,0.3037,0.8483,0.0894,0.0488,0.8237,86.46
0.4389,0.5886,0.3026,0.7198,0.1347,0.7352,77.38
0.7584,0.2139,0.7394,0.7035,0.4821,0.4718,69.24
0.677,0.0994,0.5466,0.5572,0.1083,0.9675,80.21
0.2832,0.4805,0.3076,0.8521,0.1436,0.8594,82.33
0.1385,0.3749,0.7726,0.337,0.0238,0.303,87.11
0.0314,0.9935,0.7039,0.6658,0.5861,0.7547,84.1
0.2088,0.8466,0.481,0.4582,0.5204,0.6885,73.71
0.2146,0.2022,0.7555,0.2821,0.5262,0.9581,92.13
0.0594,0.0299,0.2556,0.2234,0.1574,0.5316,100
0.4917,0.9737,0.3946,0.4377,0.5681,1.0,59.52
0.4128,0.9904,0.4893,0.3875,0.512,0.7052,64.59
0.6056,0.3776,0.3017,0.1552,0.778,0.8292,66.75
0.0557,0.1659,0.3749,0.1296,0.8966,0.5131,82.62
0.4516,0.848,0.8674,0.1845,0.0788,0.5882,74.46
0.5639,0.0435,0.3837,0.923,0.8508,0.4022,78.28
0.012,0.0694,0.4818,0.0434,0.5423,0.3552,87.0
0.1797,0.5791,0.5415,0.5533,0.7713,0.6954,76.71
0.3816,0.1937,0.258,0.1405,0.3909,0.546,74.68
0.5517,0.812,0.8004,0.3027,0.1553,0.3827,66.5
0.5553,0.2511,0.581,0.3929,0.7242,0.474,69.1
0.4615,0.462,0.4101,0.0416,0.943,1.0,73.96
0.0316,0.1525,0.6753,0.6313,0.8122,1.0,92.46
0.788,0.6043,0.374,0.5738,0.0064,0.3282,58.92
0.788,0.8734,0.5975,0.7444,0.8308,0.9967,62.88
0.8042,0.6156,0.7135,0.847,0.3784,0.853,59.61
0.7263,0.4092,0.5865,0.7771,0.2895,1.0,68.16
0.2204,0.0785,0.2653,0.7556,0.5157,0.3516,89.53
0.6335,0.3121,0.8641,0.3418,0.0859,0.8952,73.82
0.1566,0.6362,0.5115,0.5872,0.0022,0.5358,86.87
0.0014,0.7448,0.7547,0.8067,0.9027,0.6655,85.42
0.2959,0.8175,0.5211,0.2127,0.0218,0.3459,73.18
0.9104,0.2718,0.5317,0.9464,0.1525,0.5508,63.32
0.9767,0.5996,0.7534,0.455,0.2677,0.4539,59.55
0.2655,0.6182,0.6064,0.9211,0.5253,0.2534,71.34
0.9426,0.2469,0.2746,0.2288,0.7478,1.0,57.51
0.6301,0.9635,0.2496,0.8335,0.0169,0.4038,60.3
0.7591,0.4509,0.3636,0.0654,0.6459,0.2917,48.27
0.2414,0.6854,0.2253,0.0268,0.5338,0.6222,71.44
0.3323,0.407,0.2662,0.3221,0.3962,0.6061,75.93
0.4408,0.9506,0.48,0.5994,0.8768,0.597,62.16
0.6356,0.5839,0.5632,0.2716,0.2523,0.3136,67.89
0.4053,0.1065,0.8918,0.9214,0.456,0.6795,89.33
0.7535,0.4445,0.8648,0.7652,0.2219,0.6904,68.65
0.1973,0.202,0.8932,0.037,0.5278,0.3514,85.6
0.885,0.4423,0.6016,0.7589,0.8321,1.0,61.22
0.9219,0.268,0.4056,0.9448,0.8102,0.5563,59.77
0.5919,0.4477,0.3592,0.2333,0.662,0.5278,61.2
0.7013,0.3424,0.8581,0.2288,0.9856,0.69,64.75
0.6797,0.8185,0.7088,0.3602,0.9069,1.0,59.59
0.6947,0.5857,0.3261,0.6265,0.9799,0.4466,53.51
0.3859,0.1117,0.7178,0.4776,0.8315,0.4657,82.99
0.5679,0.3034,0.4993,0.913,0.273,0.704,76.99
0.7228,0.9291,0.3373,0.7462,0.5602,0.5699,47.46
0.9697,0.2436,0.6352,0.8658,0.6589,0.6057,60.48
0.4532,0.0925,0.6909,0.991,0.959,0.5007,80.96
0.7651,0.9174,0.4734,0.9372,0.4304,0.5849,57.0
0.5592,0.1013,0.8109,0.8248,0.4625,0.3649,80.97
0.1362,0.0245,0.6882,0.5874,0.6124,1.0,96.62
0.371,0.263,0.4116,0.2086,0.5925,0.8861,77.95
0.296,0.9772,0.6521,0.3606,0.0049,1.0,76.83
0.5993,0.2373,0.663,0.4754,0.8399,0.3408,66.38
0.9538,0.5832,0.3056,0.3222,0.6043,1.0,52.02
0.0548,0.0239,0.8467,0.3894,0.0536,0.2939,100
0.819,0.6672,0.7249,0.0832,0.3267,0.3176,59.24
0.0704,0.5854,0.3348,0.2579,0.2524,0.957,83.53
0.1393,0.0877,0.3617,0.0469,0.7399,0.7193,84.53
0.6551,0.1932,0.7976,0.666,0.3755,0.7752,82.01
0.9501,0.9132,0.7739,0.8527,0.4781,0.4303,51.54
0.9322,0.0736,0.3846,0.2624,0.1249,0.8699,70.18
0.6281,0.6281,0.4889,0.901,0.3628,0.5406,65.11
0.419,0.6059,0.2885,0.0718,0.9913,0.7514,64.99
0.2133,0.0816,0.7091,0.3976,0.2874,0.6906,92.78
0.0631,0.6297,0.8823,0.2233,0.0291,0.4238,88.18
0.6278,0.6076,0.4965,0.1893,0.9131,0.8087,62.44
0.0661,0.8476,0.5042,0.015,0.2438,0.4566,76.56
0.5716,0.2281,0.3258,0.3433,0.7884,0.7392,69.49
0.8855,0.6351,0.4816,0.4542,0.1017,0.5988,54.7
0.26,0.8457,0.5974,0.8457,0.1654,0.421,74.23
0.185,0.6149,0.7331,0.2581,0.6838,0.5052,83.66
0.747,0.4292,0.6924,0.5421,0.5073,1.0,67.55
0.8838,0.0744,0.7482,0.2226,0.0463,0.486,66.82
0.3205,0.4997,0.2596,0.3339,0.7025,0.7943,71.56
0.6599,0.6943,0.7396,0.9098,0.6986,0.403,59.2
0.6097,0.1717,0.4494,0.098,0.1519,0.9038,76.62
0.2664,0.3902,0.3648,0.1683,0.4125,1.0,85.0
0.0225,0.1458,0.4268,0.297,0.5352,0.2562,89.19
0.6225,0.3447,0.6335,0.5678,0.4897,0.9554,72.8
0.7967,0.1956,0.7814,0.9767,0.8527,0.5395,60.57
0.3463,0.5643,0.6504,0.146,0.7198,0.497,72.99
0.6754,0.9876,0.8742,0.456,0.2184,0.7337,62.31
0.1484,0.3551,0.8705,0.463,0.4311,0.3448,85.51
0.7303,0.1604,0.3456,0.7965,0.543,0.5814,71.85
0.9562,0.0321,0.8634,0.6994,0.578,0.4023,66.54
0.1393,0.4663,0.8731,0.8386,0.1713,0.3514,94.43
0.888,0.683,0.5652,0.2027,0.1718,0.6546,54.01
0.7625,0.2906,0.4443,0.1839,0.4719,0.256,52.85
0.6172,0.845,0.5853,0.1377,0.47,1.0,66.4
0.1602,0.6131,0.5009,0.888,0.6292,0.5491,82.86
0.157,0.7314,0.4291,0.332,0.6844,0.2679,78.51
0.0324,0.1148,0.4125,0.5378,0.2559,0.3682,92.62
0.4293,0.1729,0.6831,0.0129,0.4183,1.0,84.54
0.0383,0.7458,0.5703,0.0028,0.9044,0.8639,80.8
0.6828,0.8772,0.6478,0.1975,0.4569,0.9896,52.76
0.7675,0.1415,0.8697,0.0301,0.6061,1.0,68.51
0.7095,0.2211,0.4954,0.8999,0.4263,0.6034,67.1
0.3055,0.2487,0.8007,0.2542,0.2784,0.4817,83.51
0.9429,0.3895,0.5051,0.2639,0.4643,0.2781,51.71
0.7344,0.5523,0.2699,0.7289,0.095,0.6233,63.1
0.1427,0.9454,0.7811,0.17,0.0036,0.3688,80.01
0.3179,0.0182,0.6269,0.8061,0.6153,1.0,93.49
0.4157,0.7308,0.741,0.1222,0.8365,0.8993,66.13
0.6963,0.1332,0.7552,0.5527,0.048,0.7113,81.92
0.5482,0.9841,0.6535,0.636,0.235,1.0,66.5
0.8508,0.3061,0.8965,0.1744,0.3399,1.0,61.77
0.1985,0.3641,0.7401,0.0869,0.9146,0.9616,85.06
0.6858,0.8348,0.5241,0.7041,0.5522,0.4124,54.54
0.0404,0.0825,0.5116,0.5315,0.0187,0.4681,98.08
0.8023,0.5336,0.7583,0.007,0.7592,0.6816,65.97
0.8368,0.4318,0.7595,0.8495,0.3095,1.0,73.5
0.2202,0.9573,0.4299,0.6921,0.295,0.9199,84.26
0.5963,0.181,0.4282,0.7935,0.5635,0.656,70.68
0.9826,0.0883,0.6764,0.7853,0.9894,0.981,65.85
0.2235,0.7086,0.731,0.4677,0.9716,0.6553,75.12
0.6828,0.0878,0.4723,0.5495,0.9789,1.0,77.11
0.968,0.5704,0.8381,0.039,0.7565,1.0,51.06
0.1815,0.7766,0.341,0.7093,0.5951,0.5946,68.55
0.0078,0.514,0.3906,0.4326,0.7483,0.3691,78.55
0.5162,0.6174,0.3591,0.6869,0.9207,0.5074,63.11
0.9025,0.7405,0.7234,0.7305,0.5722,0.9422,51.28
0.8456,0.1266,0.2736,0.9064,0.3284,0.6111,68.21
0.0486,0.7831,0.7943,0.2112,0.6768,0.9358,87.03
0.8825,0.1455,0.4558,0.6427,0.9434,1.0,61.38
0.5121,0.5125,0.2734,0.773,0.2582,0.4653,67.4
0.2427,0.7118,0.8276,0.0086,0.0041,0.4674,77.92
0.5874,0.6155,0.8862,0.8497,0.9426,0.849,68.79
0.4626,0.9007,0.6616,0.8695,0.3097,0.3511,69.4
0.963,0.4519,0.6071,0.8283,0.7438,0.3742,50.15
0.2848,0.2323,0.738,0.8303,0.9935,0.35,76.49
0.391,0.9367,0.7135,0.2495,0.5797,1.0,70.37
0.3294,0.6267,0.6974,0.5677,0.0542,0.9947,87.26
0.704,0.5723,0.5004,0.5063,0.3142,0.7151,65.41
0.3299,0.666,0.7582,0.072,0.477,0.5336,77.94
0.8238,0.991,0.674,0.4888,0.9552,0.443,50.79
0.0979,0.6867,0.5262,0.9573,0.0939,1.0,90.03
0.6368,0.1933,0.6603,0.6419,0.0026,0.7155,80.16
0.1486,0.1974,0.6981,0.3215,0.0137,1.0,100
0.4088,0.5879,0.438,0.9539,0.333,0.952,77.74
0.765,0.962,0.8508,0.6834,0.3926,0.4293,54.09
0.4586,0.3136,0.6697,0.331,0.1189,0.8211,83.89
0.0536,0.1397,0.2896,0.2678,0.4873,0.5177,93.15
0.7922,0.3297,0.2234,0.243,0.3569,0.5875,57.98
0.0419,0.982,0.2257,0.4111,0.4703,0.3175,63.69
0.4181,0.3092,0.8559,0.793,0.5636,0.9827,85.5
0.1601,0.551,0.3745,0.6627,0.0932,0.832,84.96
0.4776,0.7324,0.75,0.8427,0.3249,0.6511,67.56
0.1689,0.1494,0.8849,0.6491,0.6562,0.8296,98.24
0.3647,0.296,0.4935,0.695,0.2483,0.254,79.65
0.8113,0.3401,0.4331,0.1261,0.4079,0.8969,66.56
0.4287,0.4997,0.5411,0.5389,0.802,0.5356,71.57
0.1369,0.4099,0.8903,0.5766,0.6006,0.4909,85.82
0.8235,0.0354,0.5637,0.6943,0.8248,0.6169,64.76
0.8196,0.1421,0.8719,0.8898,0.5628,0.4184,73.56
0.6857,0.1497,0.595,0.3745,0.3372,0.2714,74.41
0.0371,0.6433,0.8412,0.0238,0.7213,1.0,89.74
0.6782,0.1726,0.2391,0.584,0.2088,0.5336,73.86
0.4756,0.1636,0.2802,0.1823,0.0739,0.845,80.63
0.6859,0.7549,0.7725,0.5882,0.6352,1.0,64.38
0.9199,0.7832,0.6266,0.1125,0.8501,0.4556,44.06
0.4804,0.1596,0.8438,0.0421,0.0557,0.7626,86.98
0.6524,0.4445,0.3958,0.454,0.0541,0.5122,65.79
0.5597,0.491,0.579,0.8891,0.7893,1.0,73.5
0.1935,0.1588,0.6622,0.8306,0.7473,0.2736,86.6
0.0792,0.9968,0.495,0.5769,0.053,0.5169,76.14
0.5033,0.324,0.7185,0.2708,0.4084,1.0,80.75
0.417,0.6926,0.2136,0.4266,0.8303,0.4932,65.48
0.9168,0.9993,0.3238,0.461,0.453,0.677,48.76
0.2506,0.4948,0.8343,0.2609,0.4415,0.9929,84.64
0.3181,0.4681,0.7428,0.0529,0.434,0.3804,74.5
0.6148,0.5001,0.5176,0.9213,0.5458,0.3921,61.74
0.1363,0.7966,0.3026,0.4011,0.7196,0.8985,75.01
0.7559,0.2572,0.5063,0.0013,0.1959,0.7016,63.15
0.0333,0.3872,0.7021,0.5427,0.0106,0.4345,88.56
0.69,0.9637,0.481,0.3056,0.472,1.0,59.38
0.1443,0.5826,0.3336,0.1232,0.1742,0.9483,79.81
0.2625,0.5566,0.4527,0.983,0.6723,0.4976,80.53
0.0847,0.6039,0.884,0.5564,0.2617,0.2681,82.11
0.44,0.931,0.2829,0.0012,0.5144,0.9136,57.08
0.1028,0.1706,0.5357,0.6489,0.7245,0.3002,91.76
0.827,0.0582,0.3583,0.4246,0.548,0.5919,63.21
0.6994,0.6481,0.4056,0.0832,0.0537,1.0,65.63
0.0916,0.9264,0.5995,0.0005,0.6763,0.2967,74.23
0.3621,0.7265,0.2083,0.0481,0.348,0.515,68.82
0.4736,0.6861,0.8512,0.2296,0.6827,0.411,75.1
0.1721,0.9012,0.5295,0.9045,0.7906,0.6839,79.38
0.6484,0.6744,0.6578,0.8601,0.3338,0.4609,63.57
0.8671,0.9878,0.7237,0.2544,0.7601,0.5677,45.33
0.3836,0.6782,0.6309,0.742,0.6689,0.4019,70.3
0.113,0.7786,0.3478,0.2917,0.9412,0.9713,78.65
0.8508,0.0929,0.8286,0.1877,0.4586,0.9659,70.0
0.4441,0.4237,0.7261,0.7416,0.7714,0.8795,76.4
0.4473,0.5336,0.7205,0.9005,0.7671,0.2544,68.58
0.7668,0.8083,0.5205,0.5987,0.0464,0.5829,58.97
0.2983,0.7236,0.5613,0.0788,0.2729,0.8113,73.35
0.8195,0.3374,0.4805,0.2832,0.0451,0.5759,64.84
0.2555,0.3307,0.5955,0.5776,0.4367,0.4174,81.56
0.1454,0.4414,0.6138,0.0972,0.1166,0.8839,90.44
0.0568,0.7011,0.4604,0.693,0.0708,0.7397,84.74
0.5117,0.5539,0.8968,0.3215,0.2224,0.4021,74.71
0.2428,0.8268,0.4884,0.5001,0.2096,1.0,74.25
0.6508,0.6932,0.796,0.0083,0.7594,1.0,64.6
0.1478,0.8584,0.3853,0.3462,0.9678,0.7041,71.49
0.8516,0.2965,0.7784,0.8226,0.517,1.0,69.86
0.4843,0.7917,0.8051,0.7183,0.1409,0.3089,70.34
0.9717,0.2554,0.7102,0.28,0.305,0.2545,56.54
0.1745,0.2479,0.519,0.1037,0.7211,1.0,83.23
0.8796,0.0806,0.5008,0.458,0.499,0.7407,58.81
0.8087,0.3441,0.3008,0.8322,0.1809,0.6588,68.77
0.9195,0.5185,0.6331,0.5897,0.5418,0.6726,56.66
0.4706,0.2932,0.4306,0.258,0.4519,0.5203,76.0
0.1155,0.6104,0.8966,0.722,0.5812,0.8843,89.77
0.213,0.9947,0.8419,0.6913,0.9626,0.6487,71.11
0.991,0.9879,0.607,0.2512,0.8958,0.7229,38.96
0.0272,0.1532,0.3952,0.9775,0.2863,0.5201,94.2
0.7883,0.3495,0.2832,0.8871,0.9812,0.6255,57.93
0.8033,0.1361,0.2926,0.9216,0.8678,0.3069,65.34
0.6572,0.3353,0.3766,0.0303,0.3161,0.4627,64.18
0.3788,0.1313,0.2914,0.6357,0.2995,0.4774,82.37
0.6752,0.8084,0.8395,0.7155,0.9084,0.3118,60.54
0.4139,0.6487,0.399,0.4566,0.8743,0.6335,70.36
0.1051,0.6255,0.3468,0.6985,0.4915,1.0,80.73
0.5576,0.4883,0.7308,0.0475,0.3951,0.3211,66.85
0.6226,0.5107,0.5595,0.3767,0.3536,0.5489,64.65
0.8334,0.0799,0.8511,0.1652,0.8545,0.8739,69.46
0.9381,0.9149,0.5663,0.5403,0.4328,0.288,47.54
0.9253,0.8342,0.6294,0.3901,0.9223,0.8052,48.37
0.5015,0.1563,0.6849,0.5326,0.2866,1.0,82.68
0.3283,0.0445,0.2555,0.2202,0.6745,0.9966,78.02
0.4603,0.7927,0.7282,0.1676,0.7458,1.0,66.68
0.208,0.4326,0.4671,0.4365,0.293,0.972,90.86
0.5451,0.1362,0.8613,0.7024,0.7778,0.4206,75.33
0.144,0.4628,0.4651,0.0291,0.2432,0.2558,84.04
0.561,0.8312,0.5063,0.08,0.7434,0.6228,58.11
0.6658,0.2276,0.3553,0.6377,0.347,1.0,74.43
0.7042,0.4803,0.4395,0.4253,0.1929,0.8462,60.0
0.8588,0.8514,0.517,0.6443,0.7671,0.3013,46.26
0.3565,0.584,0.3528,0.9415,0.7759,0.4522,73.88
0.636,0.8249,0.3192,0.3444,0.9245,0.6608,56.25
0.1632,0.2546,0.7343,0.971,0.3311,0.5596,91.85
0.9082,0.5212,0.7085,0.7004,0.2229,0.7806,56.49
0.4582,0.0387,0.273,0.4156,0.9711,0.7427,78.24
0.9543,0.3597,0.6086,0.6376,0.8642,0.6164,55.36
0.391,0.7868,0.8116,0.3801,0.0102,1.0,76.79
0.2785,0.6712,0.8284,0.7461,0.4312,0.9339,84.12
0.6236,0.0706,0.6828,0.2834,0.6023,0.5729,79.33
0.4652,0.6895,0.2203,0.6592,0.4232,0.3982,64.2
0.3128,0.8403,0.6742,0.279,0.1597,0.5017,71.02
0.4882,0.024,0.5886,0.323,0.0592,0.368,81.98
0.9552,0.5759,0.2203,0.1173,0.7213,0.7125,45.67
0.0911,0.7592,0.3006,0.2238,0.3559,0.7539,84.9
0.5481,0.9982,0.2267,0.6737,0.9466,0.5855,55.68
0.2185,0.457,0.7864,0.1977,0.4037,0.2694,78.84
0.1657,0.7669,0.2496,0.3188,0.381,0.8075,73.89
0.6601,0.3681,0.6878,0.5814,0.898,0.574,62.84
0.6116,0.3709,0.4575,0.891,0.3242,0.8445,74.5
0.6883,0.3867,0.5942,0.6315,0.4431,0.5253,63.78
0.8398,0.8976,0.5914,0.6243,0.9421,0.8822,55.95
0.131,0.8532,0.8278,0.1434,0.933,1.0,81.95
0.6452,0.5006,0.7424,0.0743,0.6501,0.3383,59.52
0.0671,0.6292,0.3295,0.2994,0.9077,0.7005,77.56
0.06,0.2045,0.7526,0.6648,0.4736,0.6036,93.15
0.623,0.2621,0.3417,0.5129,0.7746,0.3797,67.63
0.7288,0.6832,0.3694,0.7235,0.0916,0.4045,60.06
0.992,0.8781,0.4,0.7368,0.1729,0.4336,47.8
0.644,0.7943,0.2154,0.2505,0.176,0.9068,58.66
0.8227,0.9012,0.4532,0.8305,0.1648,0.6883,54.46
0.7074,0.2823,0.7721,0.6078,0.2529,0.3749,74.88
0.9109,0.2367,0.3077,0.3025,0.0082,0.7575,57.78
0.7817,0.2039,0.4118,0.9632,0.9774,0.4902,59.43
0.5023,0.3669,0.2481,0.2143,0.7671,0.8215,66.81
0.4275,0.416,0.3299,0.2392,0.8194,0.3563,61.59
0.1165,0.0259,0.3158,0.0863,0.6958,0.4368,88.77
0.0923,0.5921,0.4137,0.0344,0.6181,1.0,83.36
0.0507,0.545,0.5698,0.0702,0.3798,0.6278,86.0
0.117,0.5723,0.6733,0.8689,0.0361,0.3912,86.74
0.6707,0.1922,0.4748,0.5616,0.8166,0.4397,65.61
0.7604,0.881,0.6382,0.4891,0.9917,1.0,55.27
0.7115,0.6958,0.2484,0.4843,0.0113,0.8506,60.45
0.0922,0.1152,0.5543,0.7627,0.2906,0.5443,89.83
0.8668,0.112,0.7055,0.7817,0.0229,1.0,76.25
0.2635,0.3679,0.2195,0.4931,0.2561,0.726,89.25
0.7699,0.3449,0.7785,0.4959,0.3468,0.8947,67.07
0.4592,0.2261,0.7779,0.7559,0.209,0.6115,88.81
0.8352,0.6621,0.8718,0.5038,0.0768,0.848,67.91
0.7692,0.3155,0.8222,0.755,0.9766,1.0,65.0
0.9541,0.7597,0.6013,0.3791,0.7715,0.3054,42.9
0.0137,0.5938,0.3967,0.914,0.8627,1.0,89.26
0.3972,0.6046,0.8029,0.1369,0.7659,0.45,69.48
0.1081,0.6812,0.566,0.0089,0.0264,0.7042,83.9
0.9131,0.2743,0.234,0.4209,0.2496,0.4482,58.75
0.7526,0.3376,0.5742,0.4909,0.2853,0.8879,70.65
0.6935,0.5521,0.6361,0.6511,0.2434,0.5571,66.17
0.4929,0.1421,0.7956,0.325,0.5417,0.8847,76.52
0.6859,0.5504,0.4364,0.2743,0.3164,1.0,67.42
0.8942,0.9548,0.7472,0.9639,0.9193,0.7261,55.34
0.1651,0.751,0.4999,0.5427,0.9089,0.7522,72.65
0.5626,0.6349,0.3018,0.2405,0.017,0.4866,65.8
0.2354,0.2553,0.4549,0.3112,0.4211,0.9829,82.37
0.9437,0.2657,0.475,0.4911,0.0883,0.2854,59.9
0.228,0.4574,0.4416,0.1687,0.4423,0.6163,81.56
0.3019,0.5129,0.2776,0.7763,0.2531,0.3228,78.35
0.4394,0.5441,0.6947,0.7113,0.703,1.0,79.97
0.1183,0.3069,0.8422,0.8597,0.8775,0.3198,89.63
0.5164,0.1664,0.724,0.0221,0.3328,0.5615,75.78
0.3506,0.2582,0.7191,0.5008,0.2468,0.7143,83.86
0.2555,0.8493,0.7452,0.8456,0.2315,0.6644,84.64
0.1984,0.8773,0.6737,0.6319,0.3148,1.0,80.5
0.8476,0.3542,0.4872,0.424,0.0089,1.0,68.96
0.9553,0.6435,0.2964,0.4965,0.1498,0.4522,50.49
0.5227,0.7999,0.5301,0.2671,0.1257,0.3407,68.93
0.445,0.8723,0.3454,0.7978,0.2318,0.587,61.17
0.7861,0.0554,0.6067,0.8377,0.631,0.2697,69.23
0.0294,0.7161,0.6015,0.4064,0.9187,0.5807,78.08
0.5436,0.0696,0.4883,0.6932,0.2596,1.0,83.94
0.2751,0.5277,0.3763,0.272,0.8716,1.0,75.38
0.813,0.0339,0.6837,0.1727,0.487,0.7729,69.94
0.8763,0.1241,0.7679,0.5939,0.3554,0.5113,64.92
0.7488,0.4277,0.4305,0.1382,0.0845,0.9301,65.1
0.6982,0.3537,0.5046,0.4747,0.1686,0.2571,61.17
0.012,0.4149,0.8512,0.889,0.8879,0.9086,100
0.2047,0.306,0.606,0.7832,0.6971,0.5423,89.3
0.1841,0.313,0.2823,0.4093,0.2129,0.459,85.4
0.7323,0.606,0.7029,0.6869,0.6835,0.2923,61.65
0.0905,0.0128,0.5893,0.9459,0.1254,0.9028,100
0.4485,0.952,0.7164,0.2394,0.8564,1.0,69.06
0.7782,0.9399,0.4112,0.2818,0.6989,1.0,54.06
0.6371,0.8895,0.3717,0.7136,0.7739,0.9716,62.94
0.887,0.8919,0.3414,0.2133,0.169,0.7403,47.38
0.4054,0.4919,0.8955,0.1247,0.2081,1.0,82.38
0.4146,0.3257,0.3917,0.4563,0.711,0.3379,75.33
0.1299,0.7288,0.8892,0.8358,0.8653,1.0,86.83
0.9598,0.6751,0.5652,0.5945,0.073,0.9114,63.08
0.1208,0.9888,0.2835,0.3007,0.4013,0.4834,71.05
0.7126,0.0817,0.2721,0.5825,0.5048,0.3053,64.94
0.3034,0.7315,0.4114,0.9183,0.2129,0.9207,77.8
0.7696,0.5162,0.5826,0.6515,0.3365,0.9012,67.14
0.6691,0.9705,0.5917,0.8388,0.728,0.6703,71.13
0.0565,0.5603,0.8211,0.6325,0.3406,0.4082,90.32
0.751,0.7271,0.5884,0.0308,0.9689,0.942,54.27
0.4062,0.5718,0.6099,0.6145,0.6658,0.6276,76.93
0.3606,0.7189,0.3423,0.9928,0.8289,0.8427,71.96
0.361,0.0632,0.4152,0.758,0.6686,0.3725,85.38
0.8291,0.1889,0.8951,0.4724,0.832,0.9368,72.36
0.8428,0.0212,0.2327,0.246,0.5202,0.3057,58.53
0.4169,0.7136,0.7346,0.7515,0.9392,0.4561,64.69
0.0366,0.8005,0.7561,0.7063,0.5706,1.0,84.85
0.2713,0.1546,0.6867,0.4352,0.7225,0.7458,86.42
0.8652,0.9339,0.3232,0.4098,0.0593,0.6852,49.97
0.8121,0.395,0.5091,0.4271,0.3952,0.8706,70.54
0.0898,0.5981,0.3121,0.103,0.9979,0.4988,71.78
0.8591,0.8065,0.3357,0.3338,0.1324,0.3867,51.27
0.1859,0.975,0.478,0.9917,0.2258,0.4486,77.19
0.952,0.2557,0.3203,0.9264,0.9524,0.4541,52.95
0.0101,0.9105,0.7313,0.9991,0.4614,0.9607,87.49
0.7324,0.2271,0.2606,0.5149,0.1466,0.3861,71.99
0.465,0.7446,0.4577,0.1251,0.7081,0.4334,62.09
0.9834,0.0618,0.759,0.8406,0.8797,0.6162,60.11
0.9241,0.4082,0.8515,0.1941,0.4926,0.4613,60.31
0.5328,0.355,0.4802,0.7733,0.7708,0.4616,70.38
0.1398,0.7865,0.7984,0.2191,0.6742,0.4207,76.44
0.0353,0.8099,0.7022,0.8246,0.7333,0.9048,83.03
0.0532,0.5432,0.6088,0.1426,0.2076,1.0,95.25
0.0111,0.1975,0.3633,0.7617,0.6828,0.8296,95.32
0.5374,0.8107,0.3474,0.2809,0.3986,0.9522,66.75
0.4869,0.5474,0.8453,0.2694,0.2191,0.3426,74.2
0.5238,0.7109,0.6384,0.7527,0.6871,0.3542,68.65
0.3856,0.0166,0.8841,0.6278,0.2958,1.0,92.57
0.3565,0.3025,0.7824,0.1441,0.3676,0.8602,81.89
0.6207,0.1573,0.4026,0.3232,0.7133,0.8268,71.16
0.4503,0.6477,0.8936,0.6025,0.5224,0.5824,75.08
0.1328,0.992,0.3494,0.8028,0.038,0.803,83.77
0.6136,0.6072,0.8396,0.6769,0.5179,0.4496,68.73
0.0229,0.165,0.6157,0.3741,0.5817,0.868,100
0.964,0.7979,0.7456,0.6809,0.7275,0.3671,51.48
0.877,0.7364,0.5668,0.6379,0.7674,0.6197,52.49
0.4577,0.9905,0.5459,0.471,0.8708,1.0,59.75
0.2466,0.5595,0.4509,0.6156,0.8906,0.2509,70.93
0.5277,0.1852,0.3026,0.4697,0.1689,0.3446,71.57
0.242,0.677,0.4065,0.5728,0.9858,0.4589,74.75
0.6037,0.6151,0.8419,0.289,0.2011,0.766,68.83
0.4148,0.4355,0.6638,0.368,0.0745,0.3034,81.56
0.4906,0.0313,0.3047,0.8522,0.0157,0.3843,83.63
0.204,0.6715,0.355,0.7429,0.1677,0.9245,79.59
0.6568,0.4612,0.7039,0.8268,0.17,0.9189,74.17
0.2679,0.2138,0.8858,0.4261,0.3914,0.9805,95.52
0.5803,0.0334,0.2073,0.5487,0.4308,0.91,76.96
0.2079,0.8589,0.308,0.3095,0.924,0.66,63.13
0.7688,0.8866,0.6396,0.1977,0.469,0.5776,48.98
0.0914,0.9917,0.7565,0.7869,0.6164,0.2713,81.09
0.1978,0.0967,0.4904,0.9153,0.7712,0.8522,86.39
0.1074,0.2856,0.7259,0.8146,0.7158,0.6336,96.68
0.9614,0.8354,0.3785,0.4938,0.2134,1.0,52.52
0.5491,0.057,0.7397,0.8919,0.7115,0.3699,81.98
0.9434,0.03,0.4322,0.4367,0.9184,0.3306,59.54
0.8939,0.7402,0.5098,0.5934,0.9224,0.7448,54.05
0.2364,0.4451,0.3719,0.264,0.0434,1.0,81.35
0.5034,0.3951,0.7228,0.0578,0.2397,0.7189,75.62
0.5706,0.5917,0.6711,0.2804,0.8022,1.0,71.4
0.2982,0.8749,0.4508,0.5284,0.5949,0.4121,73.72
0.1121,0.8202,0.6802,0.3889,0.8225,0.7124,80.89
0.045,0.3301,0.4172,0.6219,0.3818,0.2506,89.47
0.2997,0.8024,0.3484,0.4024,0.4413,0.6713,70.42
0.6571,0.8813,0.4982,0.1863,0.1158,0.5599,54.89
0.985,0.2377,0.6022,0.6806,0.6988,1.0,59.69
0.5027,0.9262,0.2491,0.563,0.6388,0.2889,55.41
0.8285,0.1226,0.5648,0.2216,0.2167,0.3701,61.96
0.6615,0.0013,0.7704,0.5156,0.3157,0.2503,75.29
0.8626,0.1674,0.4371,0.8546,0.193,0.7254,74.19
0.0312,0.1844,0.406,0.3538,0.4657,1.0,99.11
0.0926,0.3748,0.2384,0.7477,0.6541,0.3331,81.73
0.5784,0.1897,0.4808,0.7844,0.3737,1.0,83.44
0.336,0.5756,0.6703,0.7397,0.5931,1.0,77.1
0.0815,0.4331,0.6622,0.0768,0.0078,0.2605,85.81
0.3112,0.9479,0.6182,0.204,0.1629,1.0,77.75
0.7154,0.7814,0.855,0.3656,0.4904,1.0,62.79
0.1014,0.4226,0.3076,0.591,0.2075,0.3788,85.59
0.353,0.9617,0.2295,0.8715,0.8596,0.991,63.69
0.0413,0.0522,0.8944,0.2132,0.8728,0.317,96.24
0.5222,0.3488,0.3081,0.449,0.5409,0.6063,69.08
0.1062,0.6905,0.8274,0.9816,0.9051,0.9732,85.92
0.6497,0.9169,0.8963,0.5919,0.8302,1.0,57.42
0.4293,0.4904,0.2653,0.1102,0.5544,0.2941,63.96
0.8992,0.6672,0.2922,0.6682,0.6451,0.4609,47.04
0.6795,0.8438,0.8483,0.1957,0.1821,0.5774,64.49
0.4953,0.7206,0.295,0.4292,0.1506,0.3554,62.46
0.2845,0.6627,0.62,0.555,0.6875,0.8927,82.92
0.8458,0.8815,0.6927,0.6333,0.5707,0.6208,53.14
0.5476,0.9669,0.4515,0.3438,0.0891,0.3792,62.05
0.4222,0.5189,0.4835,0.2741,0.1032,0.8816,77.91
0.5568,0.0133,0.3786,0.7962,0.4071,0.289,75.92
0.6112,0.907,0.3797,0.8044,0.5518,0.4664,57.3
0.4249,0.3257,0.3963,0.8753,0.0298,0.6203,77.06
0.7402,0.8286,0.8382,0.0347,0.8277,0.8846,53.58
0.4567,0.3405,0.5025,0.5575,0.6843,0.8345,78.61
0.6539,0.4871,0.2992,0.9828,0.0782,0.3812,66.28
0.6187,0.0161,0.6342,0.4543,0.8594,0.8463,78.11
0.848,0.6745,0.639,0.2877,0.4062,0.608,55.24
0.0856,0.6006,0.4418,0.0449,0.3907,1.0,84.14
0.9804,0.4009,0.5286,0.2935,0.7122,1.0,58.32
0.3202,0.9066,0.2943,0.7823,0.6864,0.3687,67.6
0.0848,0.7586,0.4709,0.7687,0.5401,0.6491,74.22
0.768,0.3084,0.5655,0.2701,0.9412,1.0,60.91
0.7861,0.4131,0.6553,0.1249,0.3696,0.3943,59.23
0.4976,0.4911,0.6787,0.0448,0.0629,0.5836,80.71
0.2063,0.7168,0.3033,0.148,0.1793,0.4362,71.33
0.1514,0.8278,0.4732,0.0338,0.521,0.933,72.22
0.6002,0.8786,0.5168,0.108,0.9558,0.3019,51.31
0.7727,0.0083,0.452,0.7322,0.2277,0.4326,76.68
0.515,0.3715,0.4896,0.3294,0.9607,0.8217,72.48
0.2882,0.1494,0.3046,0.7256,0.7111,0.2561,81.41
0.8782,0.2709,0.3807,0.7442,0.7255,0.9768,64.25
0.2772,0.6983,0.7591,0.281,0.031,1.0,86.17
0.2224,0.6947,0.7603,0.1968,0.8428,0.6768,74.03
0.8345,0.5917,0.5808,0.6892,0.3037,0.9433,64.55
0.9306,0.1473,0.2649,0.4921,0.9403,1.0,60.92
0.9012,0.517,0.5516,0.6531,0.9601,0.987,55.55
0.3107,0.9734,0.4407,0.4632,0.7724,0.9419,67.04
0.4352,0.217,0.4327,0.5039,0.4517,0.5087,80.33
0.1275,0.2132,0.6916,0.5023,0.9504,0.3817,85.2
0.749,0.9921,0.7768,0.1491,0.3108,0.9355,59.28
0.3269,0.0676,0.5262,0.5264,0.5571,0.421,85.92
0.0252,0.0461,0.3747,0.3364,0.2304,0.9249,100
0.1588,0.987,0.509,0.4728,0.3797,0.5973,80.97
0.0443,0.1285,0.5822,0.4951,0.321,0.8883,97.5
0.6651,0.0556,0.5308,0.2076,0.684,1.0,74.48
0.7168,0.39,0.4519,0.1896,0.3714,0.9376,68.14
0.6567,0.0345,0.789,0.7119,0.9406,0.4855,75.32
0.9547,0.2199,0.6449,0.1218,0.8053,0.3248,57.88
0.5909,0.8673,0.4674,0.3059,0.7078,0.5359,55.48
0.9316,0.2135,0.6166,0.6123,0.4788,0.9932,65.31
0.2271,0.243,0.3936,0.5806,0.4509,0.8204,84.38
0.842,0.4674,0.2646,0.75,0.7463,0.9758,58.6
0.5998,0.4963,0.7172,0.5427,0.3559,0.7556,74.54
0.4134,0.0688,0.5715,0.5066,0.8379,0.6865,75.2
0.996,0.809,0.2916,0.3664,0.5908,0.7075,48.8
0.2551,0.4563,0.8843,0.2196,0.1276,1.0,88.08
0.9198,0.2144,0.3121,0.1862,0.8709,0.5447,54.51
0.5567,0.9294,0.5073,0.2898,0.2067,0.3579,56.93
0.7378,0.9031,0.3528,0.3963,0.4633,0.6715,59.91
0.7231,0.4964,0.2045,0.018,0.4027,0.6269,63.78
0.4022,0.0037,0.8769,0.3776,0.717,0.3985,83.89
0.9925,0.8525,0.2841,0.9671,0.7874,0.8413,49.08
0.9279,0.8587,0.5524,0.8652,0.5372,0.6907,54.26
0.7901,0.7626,0.2936,0.2614,0.7904,0.7988,51.55
0.2994,0.7792,0.6507,0.9983,0.4309,0.4023,75.63
0.7605,0.9001,0.4806,0.9666,0.0325,0.5004,57.46
0.1817,0.2524,0.8399,0.2056,0.3401,0.9938,94.99
0.2771,0.8783,0.5937,0.1125,0.5209,0.5335,71.38
0.0981,0.9669,0.3269,0.0291,0.3888,0.4655,68.8
0.5573,0.0883,0.73,0.019,0.5591,0.9154,79.42
0.6259,0.529,0.2582,0.4108,0.3381,0.5705,66.89
0.3614,0.9849,0.5867,0.6254,0.3723,1.0,73.76
0.4996,0.7547,0.845,0.2086,0.8532,0.4273,67.13
0.6893,0.3365,0.5476,0.4889,0.4612,0.7264,66.35
0.2096,0.7883,0.4976,0.2086,0.7756,0.3319,69.79
0.2568,0.5956,0.6094,0.2201,0.814,0.7591,80.08
0.7994,0.1792,0.7506,0.855,0.192,0.8072,74.05
0.013,0.8114,0.7947,0.115,0.8659,0.2804,79.06
0.1063,0.3079,0.8769,0.3078,0.1834,0.4322,93.39
0.9718,0.4994,0.3094,0.0746,0.9928,0.8034,53.07
0.5246,0.3938,0.7602,0.3845,0.8193,1.0,77.85
0.8255,0.704,0.213,0.8392,0.9808,0.8538,51.16
0.9812,0.4812,0.5712,0.9221,0.3814,0.812,59.24
0.5723,0.4618,0.3618,0.4521,0.9778,0.7854,64.36
0.1812,0.1937,0.3268,0.3056,0.6746,0.3024,82.16
0.5089,0.387,0.5961,0.9809,0.8958,1.0,73.69
0.6646,0.7529,0.4548,0.915,0.4439,0.4292,58.37
0.7682,0.4889,0.205,0.1156,0.3356,0.8713,66.65
0.6759,0.2056,0.7659,0.7302,0.85,0.2542,73.18
0.9664,0.424,0.4382,0.5084,0.6879,1.0,55.9
0.0628,0.9279,0.5666,0.6736,0.4743,1.0,79.6
0.501,0.9863,0.5352,0.83,0.9204,0.7919,64.71
0.9158,0.9929,0.4875,0.2715,0.4962,0.4042,37.16
0.2008,0.49,0.7878,0.6579,0.885,0.9514,83.1
0.8719,0.2638,0.4343,0.4444,0.7414,0.6029,62.09
0.2593,0.5834,0.3856,0.4426,0.0783,0.5741,75.89
0.2751,0.4434,0.3769,0.3197,0.0361,0.8353,79.72
0.2532,0.7747,0.3689,0.4952,0.6005,0.2551,68.34
0.748,0.6111,0.4204,0.227,0.6237,0.555,51.92
0.027,0.4409,0.7703,0.2797,0.8669,0.2798,88.23
0.3746,0.5321,0.3391,0.5337,0.9249,0.782,70.43
0.1865,0.6072,0.3734,0.6008,0.3029,0.9286,89.55
0.8114,0.0292,0.355,0.209,0.9676,1.0,67.66
0.0874,0.0013,0.8159,0.2184,0.8108,0.8976,98.24
0.0459,0.7381,0.2988,0.361,0.2305,0.7385,80.28
0.6316,0.4319,0.3415,0.2914,0.3946,0.5077,60.9
0.9978,0.9539,0.4759,0.4319,0.0373,0.4502,48.26
0.8571,0.1365,0.54,0.8222,0.5704,0.685,70.78
0.7826,0.7087,0.7305,0.2837,0.8157,0.2989,55.62
0.0888,0.179,0.5425,0.0449,0.8042,0.351,87.21
0.3917,0.9768,0.3837,0.8812,0.4758,0.831,65.93
0.2022,0.1963,0.3652,0.8345,0.4271,0.4916,87.92
0.8622,0.3712,0.6941,0.4731,0.59,1.0,67.56
0.0229,0.8086,0.4408,0.7574,0.6413,0.4181,84.41
0.029,0.4035,0.5695,0.3341,0.7562,0.3054,85.68
0.0852,0.8461,0.6897,0.6802,0.1198,0.3966,85.17
0.3991,0.0949,0.3529,0.1098,0.1876,0.6732,87.76
0.3639,0.6446,0.5646,0.2976,0.6722,0.8916,79.68
0.2485,0.4112,0.5504,0.009,0.9167,0.7129,75.61
0.9792,0.4893,0.2463,0.0449,0.8026,0.6208,46.22
0.03,0.4273,0.2286,0.0358,0.4551,0.4379,81.56
0.5378,0.6455,0.509,0.7308,0.5123,0.4299,68.64
0.8414,0.3513,0.3491,0.9297,0.3286,0.511,63.28
0.6784,0.868,0.8143,0.6202,0.4792,0.7212,60.61
0.8669,0.5541,0.7734,0.2449,0.6632,0.6075,55.81
0.986,0.2457,0.8638,0.428,0.7442,0.5485,55.78
0.9482,0.9938,0.8221,0.5508,0.659,1.0,46.68
0.9965,0.5876,0.2168,0.9958,0.9717,0.2809,42.96
0.0051,0.7132,0.4396,0.4233,0.625,0.2996,77.4
0.7432,0.159,0.7834,0.649,0.8989,0.8065,67.73
0.3811,0.2189,0.8716,0.8225,0.1651,0.4754,85.17
0.8497,0.3996,0.3853,0.0032,0.2448,0.6535,58.47
0.3532,0.8051,0.7891,0.8043,0.6826,0.4411,70.35
0.1634,0.1175,0.8065,0.628,0.3573,0.3356,95.6
0.022,0.128,0.2549,0.9474,0.14,0.2857,94.73
0.9967,0.8543,0.8533,0.1263,0.9086,0.5259,47.82
0.0325,0.2375,0.8774,0.9095,0.3466,0.7365,96.84
0.7088,0.2175,0.5613,0.4435,0.8246,0.8,71.47
0.5254,0.7485,0.3896,0.7167,0.6381,0.5501,60.78
0.5263,0.105,0.8006,0.5358,0.486,1.0,85.65
0.1381,0.9318,0.7964,0.5869,0.8681,0.3403,76.54
0.3433,0.8708,0.4556,0.467,0.4188,0.7339,65.23
0.3365,0.3384,0.2287,0.0536,0.5133,0.7773,75.34
0.7279,0.8524,0.6344,0.845,0.2618,0.71,58.2
0.3386,0.8246,0.7335,0.5125,0.2817,0.9278,79.64
0.8848,0.8453,0.716,0.5104,0.1362,0.484,52.55
0.2373,0.3324,0.5105,0.8507,0.5957,0.581,85.65
0.7839,0.6013,0.7599,0.9342,0.3683,0.5549,58.38
0.5078,0.7118,0.6648,0.4466,0.776,0.525,64.46
0.7676,0.452,0.5477,0.4932,0.3721,1.0,62.84
0.1175,0.2168,0.5132,0.8515,0.7367,0.9945,97.5
0.2483,0.5961,0.631,0.017,0.0621,0.5113,77.98
0.9833,0.5474,0.4174,0.688,0.4161,1.0,59.42
0.922,0.8455,0.2739,0.4264,0.1975,0.7667,51.29
0.4886,0.154,0.4548,0.221,0.9016,1.0,71.98
0.7765,0.4309,0.3845,0.7342,0.0208,0.526,67.09
0.9857,0.4908,0.6757,0.3973,0.1973,0.3075,48.84
0.283,0.3678,0.2792,0.6276,0.2763,0.7051,87.1
0.0559,0.2829,0.4552,0.5557,0.7903,0.5738,85.59
0.6225,0.3362,0.7815,0.9236,0.8014,1.0,72.11
0.9699,0.2147,0.4611,0.9701,0.658,0.8911,64.85
0.8606,0.4146,0.5563,0.5605,0.7823,0.5764,67.26
0.7438,0.0917,0.5519,0.7591,0.0508,0.4342,74.95
0.4736,0.3706,0.4307,0.4715,0.3211,0.3955,70.49
0.5831,0.2231,0.5892,0.8872,0.7784,0.8147,72.95
0.9655,0.8703,0.6678,0.4202,0.5235,1.0,57.77
0.5463,0.6462,0.2171,0.088,0.3686,0.9742,59.67
0.5519,0.5972,0.265,0.3694,0.2046,0.2901,63.14
0.6111,0.1899,0.6745,0.2374,0.2171,0.7731,77.72
0.243,0.5874,0.3295,0.0024,0.6691,0.4665,68.4
0.1696,0.6549,0.8664,0.5596,0.6149,0.7342,82.17
0.2833,0.9391,0.5638,0.7527,0.4122,0.6651,68.62
0.273,0.8433,0.2946,0.0079,0.2326,0.7198,73.28
0.0927,0.2939,0.72,0.4048,0.2921,0.5049,91.37
0.2748,0.03,0.5242,0.5588,0.7665,0.9512,86.23
0.7616,0.5993,0.5039,0.2396,0.5939,0.8469,55.1
0.5497,0.4436,0.7983,0.2726,0.5665,0.5352,70.46
0.5265,0.6638,0.4142,0.9499,0.384,0.809,74.46
0.7031,0.2493,0.7673,0.3303,0.4372,0.535,70.09
0.1442,0.6151,0.2072,0.1526,0.3789,0.9778,80.61
0.9387,0.8052,0.3878,0.9552,0.3886,0.6334,45.85
0.996,0.5194,0.8711,0.1217,0.9864,0.4169,52.87
0.1459,0.665,0.6549,0.9748,0.6456,0.4941,85.82
0.5602,0.1374,0.8323,0.2266,0.2078,0.6955,78.78
0.9812,0.6755,0.245,0.5147,0.4919,0.5257,46.59
0.8833,0.5208,0.4287,0.5014,0.0515,0.4934,57.09
0.6865,0.9134,0.4279,0.7756,0.6626,0.8474,60.83
0.6661,0.7908,0.4603,0.8011,0.5024,0.7648,67.84
0.3373,0.8497,0.2922,0.3956,0.7486,0.8474,66.97
0.2611,0.2554,0.6212,0.2148,0.4142,0.4555,80.56
0.1074,0.9621,0.4486,0.8828,0.7996,0.4128,73.4
0.0615,0.1509,0.8865,0.5101,0.4431,0.6679,100
0.0507,0.3258,0.6421,0.0927,0.971,0.5686,87.06
0.9441,0.0217,0.4382,0.3741,0.1013,0.4551,68.35
0.0497,0.0876,0.3842,0.1875,0.1856,0.4203,90.57
0.5627,0.868,0.5331,0.4233,0.7102,0.4377,60.94
0.6918,0.0476,0.3954,0.2072,0.548,0.2514,63.9
0.0406,0.9817,0.7603,0.6156,0.0774,1.0,89.76
0.1269,0.0815,0.3871,0.4591,0.8386,0.9636,91.86
0.9183,0.5804,0.7366,0.3618,0.5986,0.5559,55.48
0.1802,0.6164,0.5005,0.9575,0.8018,0.4476,78.76
0.9036,0.5038,0.3356,0.3121,0.8673,0.8252,46.54
0.7195,0.1235,0.2281,0.0768,0.5953,0.3904,64.21
0.8894,0.1399,0.481,0.5877,0.2875,0.9866,70.42
0.2825,0.447,0.8765,0.155,0.2834,0.3258,84.23
0.1263,0.282,0.7599,0.1796,0.425,0.5721,90.77
0.2012,0.0864,0.4897,0.3558,0.5102,0.6336,87.42
0.1455,0.4537,0.4322,0.1498,0.4569,0.3773,82.37
0.6291,0.4731,0.2402,0.4547,0.3141,0.2571,63.49
0.8893,0.3562,0.7238,0.842,0.6852,0.6502,59.77
0.0027,0.4624,0.2532,0.071,0.1778,0.8897,89.49
0.0913,0.3831,0.8087,0.5988,0.8102,1.0,88.21
0.5743,0.2296,0.6874,0.2313,0.6296,0.5897,77.03
0.5297,0.7341,0.6906,0.9683,0.8709,0.6337,65.62
0.4424,0.2968,0.3017,0.1083,0.528,0.2794,70.32
0.2714,0.3959,0.3855,0.7499,0.7841,0.8257,78.54
0.5735,0.1427,0.2242,0.0688,0.7748,1.0,66.96
0.323,0.3048,0.5531,0.7791,0.0985,0.8062,88.78
0.365,0.2478,0.8864,0.2031,0.2381,0.5394,87.34
0.7087,0.3683,0.4119,0.4655,0.8705,0.2527,62.06
0.1195,0.7711,0.3845,0.4508,0.449,0.8365,73.77
0.1467,0.7863,0.2075,0.9667,0.2696,0.3064,77.49
0.7001,0.6224,0.5863,0.68,0.805,1.0,61.38
0.9204,0.6276,0.5958,0.4707,0.4491,1.0,55.1
0.1084,0.3786,0.5111,0.0368,0.6043,0.7024,84.0
0.7395,0.9679,0.742,0.239,0.7635,0.3134,52.37
0.3631,0.8253,0.2588,0.3784,0.7691,0.4234,63.48
0.7175,0.0736,0.6122,0.995,0.3758,0.84,82.24
0.8166,0.7227,0.2302,0.3504,0.7174,0.827,52.61
0.9281,0.8701,0.7796,0.9791,0.334,0.4357,55.44
0.6639,0.8525,0.8933,0.865,0.0067,0.4892,64.0
0.1799,0.0123,0.5766,0.648,0.4254,0.8482,95.25
0.581,0.8188,0.4875,0.7601,0.9782,1.0,58.91
0.6576,0.7876,0.7734,0.0649,0.5611,0.7198,63.81
0.0264,0.6064,0.8575,0.2203,0.8384,0.7887,82.54
0.068,0.2783,0.6002,0.8146,0.0672,0.6784,98.91
0.1359,0.6903,0.6667,0.5274,0.3447,1.0,86.58
0.6683,0.6903,0.5233,0.8233,0.8511,0.9695,66.95
0.4641,0.6977,0.5546,0.8809,0.1006,0.7662,77.35
0.4268,0.656,0.7147,0.9088,0.3059,0.2758,71.38
0.3179,0.5946,0.4732,0.7982,0.6858,1.0,78.33
0.8174,0.1493,0.4479,0.816,0.8443,1.0,66.7
0.9275,0.8339,0.8536,0.6629,0.7971,0.9197,55.33
0.7824,0.6098,0.4462,0.0487,0.3569,0.639,57.27
0.7225,0.4161,0.531,0.3631,0.1206,0.3698,59.34
0.113,0.7269,0.3835,0.4493,0.9804,0.7075,73.14
0.9849,0.9285,0.6667,0.9451,0.6546,0.5313,45.55
0.537,0.3728,0.6231,0.5903,0.7517,0.4127,70.72
0.0803,0.2001,0.6879,0.8921,0.4258,0.7798,98.0
0.1487,0.8099,0.2784,0.089,0.4202,0.7865,75.83
0.6782,0.2129,0.2534,0.7647,0.4784,0.4487,70.8
0.3209,0.3933,0.2928,0.7978,0.7237,0.6877,77.83
0.3315,0.4235,0.3202,0.1358,0.6755,0.9609,78.76
0.9561,0.2536,0.5529,0.1137,0.5585,0.6196,60.49
0.2904,0.3684,0.5164,0.5706,0.1652,0.3669,78.93
0.579,0.0827,0.6514,0.5107,0.3356,1.0,83.5
0.2769,0.7212,0.7908,0.3735,0.758,0.8443,72.61
0.3163,0.9654,0.6849,0.4949,0.4825,1.0,75.32
0.0742,0.1255,0.4109,0.3018,0.3193,0.5706,93.73
0.5029,0.6957,0.2481,0.3304,0.3517,1.0,72.81
0.1579,0.6189,0.5609,0.7331,0.1881,0.7922,92.31
0.8546,0.4507,0.4466,0.4177,0.8821,0.4852,54.88
0.5358,0.8899,0.7537,0.9765,0.8066,0.7423,66.66
0.3245,0.3997,0.7313,0.2278,0.9227,0.8396,77.67
0.0604,0.7169,0.2109,0.1459,0.4868,0.9363,85.33
0.4739,0.6222,0.4442,0.8415,0.1503,1.0,82.27
0.7997,0.5049,0.8141,0.615,0.6113,1.0,66.29
0.6415,0.2141,0.3089,0.8475,0.6277,0.475,62.33
0.2101,0.3067,0.552,0.6342,0.1007,0.5479,91.15
0.4995,0.8551,0.4097,0.3694,0.0532,0.3348,66.67
0.8416,0.8788,0.313,0.1874,0.8322,0.5565,44.4
0.3233,0.4162,0.3139,0.912,0.9615,1.0,77.12
0.3894,0.7092,0.3187,0.6636,0.5696,0.2536,68.08
0.8365,0.0834,0.5114,0.6664,0.2291,0.6028,76.23
0.8014,0.9259,0.7832,0.2592,0.6852,0.9107,50.88
0.0506,0.0507,0.754,0.9263,0.5255,1.0,100
0.7738,0.1084,0.3329,0.1335,0.2598,0.949,71.51
0.0854,0.1773,0.8388,0.1655,0.6331,0.697,90.81
0.0416,0.6074,0.5053,0.6645,0.0859,0.9209,93.19
0.9073,0.2698,0.3342,0.6741,0.4348,0.5797,61.26
0.3405,0.9404,0.7601,0.0673,0.9048,0.8886,65.52
0.8793,0.5519,0.5075,0.6126,0.667,0.9164,54.63
0.7039,0.1777,0.7621,0.5926,0.1702,0.9966,77.84
0.8628,0.6431,0.2719,0.2831,0.5704,1.0,54.32
0.1102,0.0068,0.2589,0.8156,0.9615,0.8856,93.52
0.3968,0.5772,0.3327,0.121,0.8547,0.6278,70.39
0.8288,0.8208,0.2214,0.4502,0.89,0.3895,50.4
0.6193,0.5061,0.4119,0.3072,0.6183,0.7113,67.5
0.364,0.2973,0.2519,0.5425,0.4634,1.0,80.1
0.5999,0.2473,0.4699,0.8869,0.3269,0.8061,79.52
0.9566,0.6938,0.6037,0.9961,0.9667,0.4254,51.19
0.1495,0.1137,0.6582,0.8924,0.0984,0.3065,94.56
0.1023,0.4026,0.8145,0.7675,0.8872,0.4662,88.48
0.183,0.2507,0.7007,0.0124,0.1254,1.0,97.48
0.3945,0.9427,0.5336,0.0817,0.2427,0.9653,64.13
0.01,0.1394,0.3728,0.835,0.7576,0.482,92.72
0.7998,0.8135,0.5319,0.0296,0.7728,0.8175,54.71
0.7317,0.6518,0.6441,0.6611,0.59,0.7407,58.1
0.4266,0.3951,0.5288,0.0518,0.5391,1.0,71.33
0.8652,0.4868,0.2939,0.0397,0.6503,0.4136,50.03
0.0205,0.8326,0.6893,0.8825,0.3704,0.317,87.93
0.6879,0.8144,0.728,0.7147,0.493,1.0,63.84
0.9746,0.3447,0.328,0.3464,0.8854,0.6505,55.39
0.8108,0.9888,0.6148,0.2074,0.1779,1.0,51.2
0.7534,0.7133,0.6067,0.3191,0.1853,0.7593,63.55
0.1034,0.5513,0.7565,0.5113,0.1907,0.5995,90.35
0.1664,0.8342,0.5845,0.4265,0.0213,1.0,87.47
0.7376,0.0397,0.3265,0.8764,0.3523,1.0,76.53
0.5211,0.6021,0.6052,0.0708,0.0806,0.6408,68.46
0.5786,0.1871,0.2566,0.1912,0.2494,0.8982,74.2
0.8151,0.9834,0.8977,0.0033,0.4795,0.2556,46.29
0.5586,0.9188,0.8317,0.5663,0.6586,0.8086,65.22
0.7822,0.4561,0.5532,0.7043,0.4146,0.9546,63.95
0.2377,0.9344,0.7683,0.912,0.3584,0.81,80.54
0.7398,0.2779,0.3199,0.9002,0.5827,0.5586,62.65
0.1961,0.8461,0.3322,0.0346,0.3274,0.3117,68.5
0.2082,0.6888,0.2768,0.7477,0.9238,0.3412,74.59
0.5967,0.4979,0.4398,0.6725,0.9773,0.9895,64.27
0.3555,0.6054,0.8599,0.3352,0.0304,0.3095,79.27
0.2374,0.8829,0.8339,0.1407,0.2608,0.6348,74.36
0.7868,0.4661,0.8724,0.0395,0.7094,1.0,58.87
0.8261,0.1725,0.6433,0.545,0.1399,0.3235,73.17
0.5263,0.6221,0.7078,0.7501,0.3533,1.0,77.19
0.6747,0.7417,0.7961,0.3202,0.139,1.0,69.61
0.7492,0.948,0.4962,0.7574,0.498,0.9987,58.34
0.0703,0.3058,0.7889,0.2058,0.9905,0.3464,88.88
0.4027,0.974,0.2377,0.432,0.7668,0.9663,62.93
0.5815,0.2594,0.7814,0.0268,0.814,0.7382,71.22
0.705,0.2978,0.8663,0.7153,0.6775,1.0,74.15
0.129,0.5008,0.4132,0.7064,0.0237,0.33,89.06
0.9725,0.0627,0.6441,0.4706,0.4456,0.9765,68.77
0.1916,0.7595,0.3971,0.6066,0.4782,1.0,83.71
0.9626,0.2801,0.651,0.6643,0.2558,0.9139,66.1
0.3068,0.1297,0.2304,0.3612,0.8708,0.9877,80.89
0.0656,0.629,0.2774,0.122,0.3362,0.5561,83.16
0.7452,0.5712,0.2932,0.7208,0.7598,1.0,60.32
0.232,0.9601,0.4963,0.8606,0.6924,0.3696,67.92
0.0851,0.3778,0.7468,0.7108,0.8007,0.7999,90.86
0.5543,0.7153,0.8344,0.8232,0.4911,0.6864,63.19
0.438,0.3711,0.2445,0.5001,0.4647,0.3201,72.05
0.084,0.971,0.3562,0.4565,0.6359,0.3973,67.61
0.2777,0.4766,0.2272,0.3612,0.5869,0.5425,74.26
0.5098,0.829,0.6516,0.7904,0.8283,0.4547,59.98
0.1135,0.5555,0.6799,0.4986,0.9745,0.8525,84.11
0.0401,0.6264,0.7568,0.3478,0.4845,0.5424,81.08
0.3315,0.1927,0.5981,0.7672,0.5393,0.5482,81.91
0.033,0.9005,0.7791,0.601,0.7672,0.7849,77.7
0.4481,0.6743,0.4213,0.0311,0.4106,0.7235,71.38
0.0084,0.9771,0.7172,0.9635,0.0747,0.5755,80.93
0.4586,0.6567,0.3301,0.6868,0.3464,0.8756,70.21
0.219,0.3196,0.3977,0.7593,0.036,0.9456,93.21
0.9184,0.7082,0.6743,0.456,0.6985,0.7114,44.9
0.5878,0.8767,0.651,0.8975,0.1354,1.0,68.52
0.1059,0.925,0.7182,0.4555,0.1398,0.8606,83.58
0.7561,0.3104,0.7319,0.0681,0.1248,0.4093,66.98
0.4025,0.6881,0.4569,0.4918,0.6929,1.0,70.31
0.023,0.6941,0.4174,0.4275,0.4835,0.7283,90.63
0.2571,0.2734,0.872,0.1261,0.2923,1.0,91.56
0.2588,0.5486,0.529,0.115,0.0157,0.3577,78.32
0.4632,0.7786,0.3617,0.157,0.4632,0.2931,60.71
0.7858,0.0291,0.371,0.308,0.3762,0.6379,71.7
0.5301,0.9919,0.8124,0.6573,0.2564,0.9937,66.76
0.6391,0.057,0.7587,0.2276,0.9826,0.9859,70.7
0.4423,0.5948,0.7185,0.9335,0.5734,0.4894,74.77
0.4671,0.2825,0.5692,0.1053,0.9349,0.4257,68.65
0.0932,0.426,0.8843,0.2451,0.2475,0.9962,98.33
0.8156,0.0969,0.751,0.1661,0.3672,0.324,65.36
0.8169,0.0569,0.372,0.242,0.7589,0.4982,62.89
0.8883,0.8061,0.5283,0.0283,0.8125,1.0,47.99
0.6888,0.21,0.2967,0.0914,0.6494,0.3919,67.03
0.2578,0.637,0.2795,0.836,0.901,0.8367,78.6
0.0278,0.0116,0.2717,0.737,0.6496,0.4369,94.1
0.1286,0.0754,0.6724,0.2648,0.6467,0.6385,89.2
0.9275,0.654,0.8624,0.7483,0.3655,0.4335,57.21
0.775,0.1199,0.7828,0.1087,0.6854,0.8624,71.88
0.6212,0.7154,0.4178,0.7346,0.4131,0.8933,59.92
0.3295,0.2097,0.7342,0.9968,0.3167,1.0,90.83
0.4015,0.1273,0.6488,0.3687,0.5339,0.4972,77.23
0.6569,0.9675,0.3281,0.1915,0.1949,0.7589,52.83
0.5932,0.8255,0.5578,0.6937,0.949,0.9254,57.35
0.1714,0.5179,0.4352,0.9261,0.4958,0.2918,76.56
0.4971,0.6657,0.2616,0.6861,0.8917,1.0,67.22
0.7884,0.8224,0.8384,0.3581,0.2805,0.8928,58.38
0.4923,0.4824,0.3997,0.9097,0.5655,0.4925,70.41
0.4271,0.8067,0.2342,0.0087,0.5683,1.0,64.34
0.9239,0.3902,0.5824,0.1259,0.7417,0.6694,57.6
0.4968,0.5937,0.7496,0.8156,0.5625,1.0,70.74
0.8653,0.6532,0.4659,0.5828,0.1397,0.2703,55.65
0.1572,0.3605,0.7669,0.3542,0.1981,0.6488,89.79
0.0926,0.4341,0.6015,0.9916,0.8544,0.9964,92.86
0.2529,0.0311,0.5946,0.3971,0.1361,0.8627,97.56
0.8928,0.1042,0.5338,0.2013,0.6856,0.9594,65.79
0.6491,0.2311,0.6763,0.6925,0.5845,0.476,74.85
0.6346,0.5085,0.5718,0.9477,0.9378,0.6716,64.38
0.9246,0.4274,0.7505,0.4994,0.9103,0.7724,57.21
0.7259,0.3361,0.7589,0.6045,0.7485,0.5748,62.97
0.733,0.8758,0.3213,0.7251,0.7256,0.7019,49.44
0.8741,0.6811,0.8042,0.801,0.4394,0.3476,57.88
0.9318,0.2799,0.2166,0.2133,0.965,0.6113,57.98
0.6657,0.1293,0.4712,0.4617,0.9181,0.4981,72.14
0.9785,0.2782,0.8461,0.3364,0.3666,0.324,60.84
0.5524,0.2314,0.2556,0.1228,0.0159,0.256,75.11
0.1313,0.7185,0.3134,0.4768,0.6498,0.8726,82.9
0.3385,0.3565,0.7552,0.9321,0.9773,1.0,76.92
0.42,0.4815,0.391,0.2063,0.2102,0.8909,78.52
0.217,0.752,0.7739,0.9948,0.4568,0.9205,85.95
0.9634,0.6079,0.7388,0.5785,0.0798,1.0,64.17
0.1197,0.0119,0.4655,0.4897,0.7566,0.3121,90.58
0.2514,0.9967,0.5653,0.9564,0.5693,0.9717,78.88
0.9713,0.9264,0.4403,0.8746,0.0683,1.0,52.26
0.0263,0.1815,0.5922,0.5594,0.0655,0.6654,99.18
0.0303,0.8099,0.8917,0.0517,0.6227,1.0,79.22
0.9046,0.1055,0.2911,0.4763,0.1928,1.0,69.18
0.9413,0.7421,0.562,0.0517,0.9787,0.3966,41.8
0.9977,0.6065,0.7806,0.6967,0.5255,0.6276,50.9
0.7162,0.0003,0.2412,0.1507,0.0275,0.8506,68.66
0.9438,0.1212,0.609,0.7526,0.2793,0.415,66.34
0.5962,0.6432,0.4263,0.4135,0.0378,0.465,68.4
0.6207,0.7798,0.6367,0.7216,0.9461,0.3554,59.15
0.3608,0.7896,0.2207,0.1673,0.0138,1.0,71.5
0.4339,0.003,0.6235,0.939,0.4649,0.2608,83.88
0.9547,0.7342,0.2852,0.221,0.024,0.6567,48.7
0.6496,0.5157,0.747,0.3245,0.6828,0.5599,62.83
0.9909,0.5877,0.6025,0.097,0.3353,0.522,53.1
0.9013,0.3908,0.6354,0.6772,0.1279,0.4131,59.83
0.4292,0.3391,0.5781,0.1248,0.7672,0.3731,68.62
0.226,0.5534,0.7358,0.324,0.046,1.0,94.97
0.2593,0.4014,0.2742,0.8767,0.2608,0.4273,79.63
0.8583,0.9043,0.2746,0.7841,0.9215,0.9053,54.22
0.8867,0.4491,0.8781,0.4416,0.8944,0.7631,62.16
0.5107,0.834,0.8552,0.8984,0.9469,0.7385,64.64
0.4465,0.6206,0.8704,0.086,0.3953,0.9935,71.92
0.9783,0.2897,0.2642,0.4476,0.2362,0.7808,60.86
0.538,0.8928,0.3516,0.4727,0.0725,0.3968,56.3
0.1095,0.7405,0.4495,0.67,0.5215,0.385,75.31
0.8939,0.9822,0.8906,0.4385,0.0146,0.6537,54.37
0.5892,0.389,0.2478,0.509,0.4471,0.6111,71.25
0.5799,0.9858,0.83,0.9028,0.1396,0.296,69.17
0.9599,0.6682,0.864,0.159,0.9528,1.0,51.9
0.7763,0.1178,0.4549,0.891,0.9902,1.0,70.84
0.0269,0.7804,0.5205,0.5059,0.5761,0.972,86.23
0.1151,0.2341,0.6939,0.1816,0.7756,0.5989,91.46
0.724,0.0008,0.8106,0.9169,0.8112,0.4451,74.57
0.6534,0.0462,0.8676,0.0308,0.9019,0.4963,75.33
0.8218,0.4057,0.658,0.125,0.5156,0.6475,54.01
0.9362,0.267,0.823,0.6021,0.8591,1.0,66.06
0.0276,0.4983,0.2305,0.044,0.4987,1.0,80.38
0.0993,0.278,0.3677,0.8719,0.0314,0.2966,90.43
0.7296,0.6605,0.8943,0.8917,0.2837,0.6052,71.18
0.4377,0.6603,0.6459,0.8476,0.3816,0.7118,73.87
0.875,0.9065,0.8244,0.7079,0.8,1.0,51.56
0.7391,0.255,0.4623,0.5016,0.4291,0.7299,67.63
0.4995,0.0671,0.3192,0.5059,0.8824,0.8255,80.06
0.2507,0.7258,0.6231,0.5006,0.1731,0.44,77.38
0.0822,0.161,0.3435,0.2188,0.8695,1.0,93.38
0.5242,0.8408,0.8428,0.1227,0.5632,0.2718,56.14
0.2116,0.9698,0.6633,0.0067,0.7184,1.0,73.47
0.2586,0.7806,0.4939,0.9237,0.483,0.5831,76.8
0.7341,0.4647,0.687,0.3906,0.2967,0.6329,64.44
0.5891,0.2307,0.2592,0.0987,0.6856,0.927,66.79
0.4916,0.7869,0.6672,0.4501,0.8146,1.0,70.63
0.8164,0.7196,0.4694,0.8613,0.4807,0.6112,55.64
0.5001,0.7374,0.4394,0.6408,0.5861,0.5349,64.34
0.8805,0.9266,0.2494,0.3638,0.2875,0.8213,45.58
0.5933,0.5013,0.8972,0.468,0.2991,0.5029,71.7
0.1666,0.4311,0.6809,0.554,0.6923,0.6296,81.47
0.5362,0.7836,0.3625,0.5262,0.7851,0.5027,57.04
0.0617,0.8004,0.2978,0.4149,0.9601,0.4353,74.42
0.8667,0.2569,0.2389,0.089,0.6963,1.0,60.21
0.8208,0.2391,0.7746,0.8968,0.1085,0.3527,72.27
0.0215,0.3536,0.5512,0.3234,0.5231,0.5431,87.75
0.1334,0.2895,0.3074,0.3927,0.3436,0.5034,83.03
0.253,0.4548,0.8676,0.2111,0.0729,0.6653,88.26
0.5719,0.5462,0.6551,0.4563,0.9254,0.852,63.58
0.9552,0.9139,0.5024,0.8768,0.6571,0.4364,52.9
0.841,0.712,0.6026,0.7106,0.7445,0.6509,55.15
0.5339,0.1409,0.8612,0.3871,0.0459,0.3624,84.93
0.6147,0.5832,0.2776,0.8222,0.735,0.3682,65.26
0.3065,0.4705,0.6926,0.1681,0.1959,0.9849,78.57
0.684,0.5367,0.2962,0.5252,0.3619,0.3572,64.12
0.4341,0.5646,0.7869,0.8864,0.0486,0.9949,82.69
0.0039,0.655,0.8514,0.8492,0.8132,0.8062,94.39
0.6202,0.8561,0.7188,0.8639,0.8367,0.4222,61.25
0.9551,0.4542,0.2706,0.1286,0.7758,0.9848,49.96
0.6339,0.899,0.7117,0.3827,0.8263,0.9976,57.27
0.7231,0.4171,0.328,0.0357,0.3907,0.6396,62.89
0.6016,0.9854,0.447,0.5219,0.2879,0.9208,66.58
0.3833,0.323,0.6715,0.0913,0.2765,0.4654,77.19
0.9444,0.5953,0.5689,0.2838,0.6726,1.0,52.73
0.0613,0.8841,0.5705,0.1896,0.9481,0.2952,71.51
0.9548,0.6002,0.7163,0.2468,0.1841,0.2996,54.4
0.5843,0.9403,0.5955,0.7912,0.0244,0.4929,71.28
0.2022,0.024,0.6338,0.4681,0.0962,0.7608,96.61
0.2356,0.3285,0.6826,0.9387,0.1292,1.0,89.42
0.4895,0.3546,0.3801,0.3978,0.4376,0.6568,74.0
0.4758,0.2252,0.4243,0.5574,0.1067,0.6791,85.83
0.4063,0.1058,0.8239,0.2471,0.2172,0.9576,92.83
0.745,0.1275,0.3864,0.4627,0.051,0.3773,71.11
0.6417,0.2077,0.3783,0.854,0.6366,0.7719,72.96
0.4367,0.4725,0.7983,0.5396,0.613,1.0,72.72
0.8124,0.4732,0.3507,0.8846,0.565,1.0,63.35
0.603,0.6037,0.2304,0.4499,0.1119,0.8005,68.82
0.5995,0.5674,0.7513,0.3151,0.668,0.3302,66.65
0.2878,0.1808,0.7528,0.0896,0.9404,0.4214,82.64
0.7062,0.8564,0.7052,0.3252,0.0888,0.2535,63.25
0.2761,0.2514,0.4757,0.8766,0.3923,0.5159,85.87
0.7781,0.8084,0.4929,0.0929,0.1474,0.8825,59.59
0.9806,0.7075,0.6421,0.4634,0.1502,1.0,59.98
0.5002,0.3191,0.5233,0.047,0.6272,1.0,73.76
0.9201,0.9217,0.4237,0.4824,0.0564,1.0,55.45
0.218,0.0143,0.6116,0.8995,0.6656,0.4441,95.55
0.9755,0.3421,0.7116,0.4241,0.9573,1.0,60.43
0.3697,0.4132,0.5356,0.5527,0.3091,0.674,78.21
0.0278,0.2893,0.7624,0.6377,0.2202,0.9024,100
0.789,0.7607,0.4892,0.8639,0.285,1.0,59.57
0.0651,0.2967,0.4876,0.2007,0.1211,0.5366,93.29
0.7563,0.8176,0.5603,0.1082,0.7291,1.0,63.21
0.3959,0.6746,0.4513,0.817,0.3609,0.7816,73.17
0.0418,0.9286,0.8451,0.9184,0.2287,0.4507,87.52
0.744,0.1534,0.5986,0.3952,0.272,0.4849,70.81
0.1598,0.9708,0.2895,0.0926,0.2656,0.5737,71.12
0.9178,0.6339,0.7874,0.198,0.6412,0.4607,51.89
0.0701,0.1439,0.5008,0.214,0.1849,1.0,97.82
0.0462,0.0775,0.7531,0.1553,0.5903,0.3808,98.65
0.3617,0.7572,0.418,0.9789,0.1902,0.3901,73.4
0.6074,0.3693,0.2609,0.9892,0.667,1.0,65.74
0.557,0.0256,0.7637,0.6769,0.6676,0.9925,80.97
0.1981,0.0544,0.582,0.5385,0.2124,1.0,95.83
0.4579,0.6237,0.2352,0.977,0.5058,0.5348,72.36
0.3992,0.9805,0.4641,0.3086,0.562,0.6455,63.15
0.9678,0.6338,0.3473,0.4085,0.1588,0.8754,54.43
0.356,0.7288,0.5706,0.3354,0.1808,0.9715,73.17
0.7928,0.377,0.5959,0.8503,0.2107,1.0,72.96
0.1428,0.4479,0.7702,0.4878,0.632,0.5288,86.82
0.5403,0.7176,0.6981,0.4736,0.0549,0.8752,69.92
0.4675,0.1924,0.6704,0.241,0.638,1.0,83.68
0.1054,0.3534,0.8561,0.2983,0.7289,0.6041,87.87
0.5468,0.9803,0.8091,0.3959,0.5022,0.7532,63.57
0.6954,0.9557,0.8599,0.6161,0.1694,1.0,59.91
0.6041,0.985,0.8226,0.7539,0.6802,0.98,59.69
0.3602,0.5201,0.4991,0.7073,0.4171,0.3295,69.5
0.6672,0.2731,0.7951,0.975,0.2279,0.8511,81.55
0.5445,0.1213,0.6055,0.1906,0.4689,0.7868,75.31
0.8045,0.6454,0.753,0.2035,0.9656,0.8023,57.1
0.6099,0.8071,0.2637,0.6734,0.1578,1.0,61.12
0.0278,0.3856,0.2671,0.7644,0.1804,0.2554,90.66
0.3638,0.2162,0.8497,0.2424,0.826,0.8341,85.96
0.6857,0.6789,0.4038,0.0049,0.5533,0.3229,52.74
0.1222,0.5948,0.4985,0.1873,0.8337,0.4177,76.6
0.3477,0.0182,0.7937,0.2449,0.6631,0.6685,84.68
0.5753,0.6893,0.2055,0.0057,0.1052,0.7833,61.31
0.9977,0.7487,0.8659,0.3762,0.3428,1.0,57.08
0.939,0.8499,0.5707,0.2572,0.2187,1.0,58.29
0.9097,0.481,0.4609,0.0727,0.2847,0.7017,55.49
0.4652,0.6264,0.8285,0.69,0.4522,0.3723,72.87
0.1406,0.9674,0.8343,0.8438,0.0532,0.8213,81.74
0.5197,0.861,0.5817,0.7271,0.283,0.9039,64.95
0.6415,0.1787,0.3434,0.1133,0.6661,0.2616,61.87
0.7102,0.1779,0.6885,0.5464,0.1388,0.9247,80.37
0.3503,0.7114,0.4691,0.3609,0.6555,0.2894,68.17
0.0987,0.4673,0.4424,0.2901,0.5291,1.0,88.65
0.2151,0.8905,0.5459,0.0266,0.7493,0.3265,65.5
0.8032,0.9872,0.5278,0.8293,0.537,0.9255,55.16
0.9531,0.0071,0.4239,0.3331,0.5072,1.0,66.43
0.2339,0.0157,0.3198,0.6148,0.2989,0.6931,87.73
0.8069,0.9428,0.3461,0.8571,0.2829,0.8676,54.05
0.6083,0.281,0.252,0.6647,0.0275,0.5455,74.6
0.3197,0.5276,0.5513,0.1638,0.2912,1.0,78.2
0.4966,0.2505,0.5165,0.4921,0.7338,0.7625,76.18
0.7261,0.9962,0.6553,0.3927,0.6599,1.0,53.99
0.3219,0.7179,0.2054,0.4976,0.1634,0.4031,73.86
0.6412,0.9819,0.3697,0.7251,0.5485,0.7676,60.38
0.9078,0.1304,0.4527,0.09,0.1577,1.0,70.43
0.2556,0.4272,0.3368,0.3834,0.031,1.0,83.2
0.1788,0.0415,0.4204,0.0661,0.4691,0.9038,89.3
0.2732,0.951,0.7614,0.719,0.4609,0.8626,75.47
0.812,0.4399,0.5049,0.5102,0.4055,0.429,63.34
0.6574,0.1635,0.8687,0.7932,0.8295,0.6605,74.66
0.6347,0.543,0.2562,0.2465,0.9827,0.7278,58.11
0.5775,0.9139,0.2699,0.7531,0.8445,1.0,57.65
0.7957,0.4021,0.5073,0.9021,0.5845,0.5601,66.13
0.268,0.3991,0.2203,0.4839,0.5682,0.9743,78.07
0.0751,0.8995,0.809,0.4667,0.7985,0.3682,77.16
0.1526,0.2056,0.2029,0.704,0.35,0.4608,81.15
0.4404,0.6571,0.4258,0.1896,0.1488,0.8158,73.79
0.3533,0.5881,0.6828,0.5321,0.5241,0.7593,77.84
0.502,0.1747,0.521,0.1714,0.6077,1.0,75.37
0.215,0.7248,0.6904,0.8917,0.627,0.3998,78.13
0.8156,0.2427,0.5521,0.666,0.1954,0.8059,69.9
0.5285,0.7658,0.4003,0.286,0.1353,0.667,64.0
0.7228,0.3929,0.6739,0.1309,0.2397,0.321,63.77
0.733,0.4163,0.5178,0.166,0.9712,0.6839,55.51
0.2257,0.2347,0.4182,0.003,0.3904,0.3949,88.93
0.8521,0.411,0.3361,0.2702,0.0591,0.49,61.06
0.3984,0.1962,0.8176,0.9849,0.1771,1.0,90.9
0.2118,0.1713,0.8081,0.5566,0.1819,0.4491,91.66
0.2759,0.3638,0.7594,0.1172,0.9078,0.848,81.35
0.3065,0.2709,0.4033,0.1473,0.0775,0.6783,83.06
0.293,0.5676,0.5346,0.2888,0.7653,0.3243,75.57
0.5542,0.7186,0.3257,0.6255,0.3003,0.4678,66.17
0.1614,0.1112,0.8851,0.4079,0.7524,0.8382,95.53
0.1736,0.2517,0.4712,0.178,0.5962,0.7093,83.25
0.7284,0.3232,0.6563,0.6218,0.5283,0.7045,69.94
0.7647,0.5699,0.2828,0.2399,0.0021,0.676,62.11
0.9816,0.6509,0.7579,0.2202,0.278,1.0,54.91
0.1774,0.6874,0.3642,0.3396,0.4655,1.0,80.92
0.1966,0.0762,0.707,0.0918,0.251,1.0,97.46
0.9041,0.2386,0.5349,0.64,0.8259,0.6019,61.34
0.0474,0.818,0.2497,0.2687,0.4158,0.6403,79.39
0.7364,0.5903,0.28,0.0265,0.809,0.7954,50.97
0.9131,0.6071,0.8167,0.147,0.8583,0.3085,52.99
0.9129,0.5977,0.69,0.037,0.3382,0.6393,56.97
0.0835,0.5813,0.2717,0.9004,0.3184,0.3772,81.23
0.9909,0.0814,0.2309,0.9098,0.7615,0.4216,59.62
0.9284,0.621,0.4909,0.995,0.8601,1.0,55.9
0.6389,0.1128,0.3209,0.5542,0.8886,0.4923,67.07
0.141,0.0367,0.5235,0.395,0.3807,0.8041,91.32
0.6367,0.9649,0.5537,0.2613,0.0324,0.3065,58.61
0.8381,0.1364,0.4746,0.6416,0.2228,0.6976,70.21
0.2467,0.8439,0.8421,0.0677,0.9798,0.7806,73.92
0.8431,0.7399,0.6961,0.5996,0.457,0.5467,60.47
0.4705,0.4368,0.8268,0.8977,0.7023,0.8081,79.44
0.34,0.4989,0.6023,0.6601,0.6008,0.7401,80.46
0.8318,0.39,0.5042,0.469,0.7199,0.3414,56.01
0.2726,0.6727,0.2724,0.0044,0.2807,1.0,77.05
0.5698,0.9752,0.4387,0.8085,0.7421,1.0,56.02
0.6327,0.619,0.8747,0.4255,0.0151,0.816,71.77
0.2115,0.3073,0.5276,0.9172,0.0171,0.6957,94.76
0.0871,0.0886,0.4037,0.3894,0.6633,0.598,86.21
0.8385,0.2857,0.2726,0.0233,0.7851,1.0,58.09
0.5017,0.9827,0.6246,0.2341,0.4053,0.4704,62.79
0.1575,0.2764,0.3709,0.7729,0.7638,1.0,85.71
0.7227,0.4174,0.6773,0.3625,0.7741,0.6705,68.99
0.2235,0.8755,0.3764,0.8124,0.7989,0.5732,72.22
0.076,0.1705,0.4317,0.8178,0.5508,0.5162,91.22
0.458,0.5926,0.6482,0.0823,0.4918,0.5476,70.31
0.4803,0.7515,0.8354,0.6212,0.5626,0.9474,74.24
0.9921,0.3278,0.3135,0.7865,0.3974,0.4836,61.62
0.5637,0.0527,0.2422,0.2241,0.517,0.4968,67.35
0.4377,0.0588,0.3836,0.0897,0.5704,0.3253,76.98
0.5642,0.3199,0.8223,0.2214,0.6947,0.5623,73.33
0.7072,0.2017,0.8591,0.8707,0.3751,0.477,76.28
0.0703,0.1308,0.5041,0.1676,0.2711,0.7185,96.46
0.1407,0.3979,0.3722,0.2635,0.4076,0.3132,78.42
0.1889,0.1439,0.3257,0.3824,0.3493,0.803,87.18
0.8304,0.659,0.6841,0.0411,0.1024,1.0,63.14
0.8843,0.3846,0.8947,0.2023,0.8283,0.9864,63.09
0.2314,0.5046,0.4616,0.2814,0.5291,0.5262,73.07
0.4299,0.665,0.6739,0.6305,0.918,0.3299,69.46
0.4712,0.5533,0.2338,0.1583,0.9085,0.2788,60.72
0.7249,0.7232,0.4892,0.9395,0.7831,0.667,61.93
0.8533,0.3421,0.8679,0.3775,0.3571,0.5239,64.43
0.2502,0.9627,0.2776,0.3308,0.8609,0.4793,62.67
0.3582,0.7391,0.2777,0.9017,0.1397,0.8222,72.84
0.235,0.0493,0.6328,0.7511,0.1921,0.4787,91.86
0.6528,0.8788,0.344,0.6787,0.9834,0.5354,51.36
0.7467,0.0285,0.216,0.3765,0.0174,0.3771,68.06
0.7956,0.0142,0.508,0.7173,0.3198,1.0,75.92
0.815,0.4775,0.31,0.9325,0.9045,0.6351,55.02
0.2856,0.9841,0.7143,0.255,0.1358,0.8892,76.78
0.2492,0.1743,0.3973,0.4368,0.3272,0.6882,83.44
0.1689,0.1677,0.2235,0.2289,0.7976,1.0,83.7
0.4621,0.1117,0.462,0.1807,0.2645,1.0,82.91
0.5593,0.894,0.6142,0.8903,0.7183,1.0,64.13
0.9517,0.3841,0.7077,0.6249,0.0672,0.898,69.73
0.584,0.3136,0.7715,0.6568,0.2932,0.5236,76.11
0.2383,0.5842,0.2211,0.0726,0.3704,0.5279,76.45
0.1562,0.876,0.7977,0.5263,0.4955,0.585,78.11
0.7875,0.5021,0.5289,0.4881,0.6875,0.9508,68.54
0.1249,0.6849,0.463,0.9389,0.7486,0.8147,81.85
0.1433,0.6417,0.4406,0.0445,0.1282,0.7115,78.3
0.0279,0.7975,0.4167,0.0767,0.4836,0.9018,82.64
0.2698,0.8506,0.23,0.2482,0.4136,0.4531,64.31
0.2981,0.7465,0.6112,0.1275,0.6852,0.3305,70.64
0.3236,0.1775,0.4417,0.6476,0.7176,0.9023,82.42
0.6666,0.2012,0.2879,0.5615,0.3996,0.88,65.42
0.9595,0.6801,0.496,0.8845,0.5211,0.7157,53.67
0.3475,0.7427,0.2769,0.3251,0.8359,0.8709,70.4
0.5597,0.5823,0.4111,0.0431,0.2395,1.0,70.7
0.239,0.2509,0.6475,0.3416,0.8826,0.5375,81.54
0.9065,0.2191,0.6109,0.4153,0.1879,0.3707,62.13
0.9063,0.9311,0.5575,0.3732,0.607,0.3118,49.79
0.6412,0.4297,0.5973,0.8457,0.892,0.7615,73.41
0.7598,0.8774,0.6058,0.5534,0.5256,0.7735,58.64
0.9904,0.7395,0.2597,0.4249,0.2245,0.5685,44.29
0.4947,0.051,0.696,0.3887,0.8751,1.0,82.74
0.5634,0.0786,0.3753,0.2351,0.9413,0.373,71.6
0.2816,0.5864,0.7029,0.01,0.4879,0.4368,78.28
0.5707,0.5024,0.4977,0.4667,0.6822,0.2656,66.52
0.5242,0.6674,0.3584,0.3883,0.4201,0.3874,64.66
0.3483,0.4704,0.6488,0.3528,0.4548,0.609,80.79
0.7314,0.1662,0.6256,0.3094,0.0649,0.9827,80.39
0.7099,0.2171,0.7211,0.4688,0.0185,0.9397,73.81
0.3085,0.5238,0.6966,0.3046,0.6948,0.5992,76.42
0.6835,0.2293,0.4391,0.4132,0.1159,0.7219,70.14
0.7528,0.0129,0.37,0.9756,0.0033,1.0,82.74
0.7199,0.3295,0.6663,0.4131,0.1387,0.3115,64.82
0.3348,0.9185,0.8774,0.8746,0.7102,0.3361,73.27
0.0786,0.4844,0.622,0.8095,0.2091,0.6087,89.52
0.3849,0.2285,0.6557,0.9385,0.3037,0.4106,86.08
0.4141,0.849,0.6071,0.2799,0.0102,0.4343,70.39
0.6839,0.6111,0.702,0.6678,0.6012,1.0,69.49
0.3612,0.345,0.6819,0.6663,0.1077,0.4341,83.63
0.7105,0.7396,0.2883,0.6893,0.9529,0.5525,52.17
0.6314,0.0474,0.7644,0.7837,0.2495,0.5884,81.63
0.5013,0.5554,0.5193,0.0671,0.701,0.9585,67.75
0.8543,0.2921,0.5793,0.0722,0.3555,0.9827,67.58
0.5994,0.5053,0.5554,0.8995,0.9093,1.0,71.05
0.5871,0.4417,0.4896,0.5743,0.2461,0.9154,74.42
0.4082,0.352,0.4898,0.3464,0.5081,1.0,83.76
0.805,0.3867,0.7878,0.6555,0.6565,0.8994,65.99
0.5636,0.8146,0.8226,0.957,0.5627,0.7651,68.17
0.1897,0.8525,0.7701,0.7404,0.3198,0.6902,85.87
0.8088,0.4093,0.4766,0.7218,0.2377,0.7471,67.49
0.3399,0.7769,0.8696,0.9156,0.707,0.7841,74.17
0.0904,0.3675,0.4427,0.4003,0.4436,0.4219,89.39
0.6512,0.7412,0.7348,0.9593,0.7568,0.9436,64.74
0.3836,0.0153,0.2819,0.7802,0.087,0.834,91.86
0.5619,0.3272,0.3608,0.0343,0.5311,0.7403,69.81
0.9952,0.4383,0.2005,0.1399,0.9024,1.0,54.12
0.5506,0.5491,0.8605,0.1579,0.7584,0.7797,67.2
0.4269,0.8524,0.5,0.2198,0.1639,0.266,63.64
0.7743,0.5033,0.8908,0.3753,0.4205,0.2509,60.56
0.6406,0.5793,0.6876,0.3475,0.6594,0.5488,65.68
0.8465,0.589,0.5424,0.034,0.2606,1.0,54.71
0.2012,0.244,0.4747,0.7258,0.0056,1.0,96.79
0.4257,0.5498,0.5729,0.7463,0.2411,0.856,78.4
0.7551,0.5175,0.5518,0.5338,0.0581,0.3974,64.44
0.9676,0.8008,0.4957,0.8822,0.1278,0.4994,53.76
0.4953,0.5084,0.2341,0.0327,0.3278,0.2974,66.06
0.2939,0.1222,0.4208,0.7875,0.7686,0.2619,81.48
0.0256,0.9164,0.6701,0.9662,0.9252,0.6632,73.19
0.2576,0.441,0.7308,0.2318,0.309,0.7048,82.95
0.244,0.4019,0.6007,0.8203,0.6362,0.2797,79.56
0.1073,0.5311,0.8624,0.378,0.0677,0.4508,88.34
0.1092,0.9591,0.4451,0.1259,0.6603,0.8343,70.81
0.3585,0.0678,0.2606,0.903,0.6562,0.43,77.51
